Fondsposition per,"17.Sept.2026"
 
Emittententicker,Name,Sektor,Anlageklasse,Marktwert,Gewichtung (%),Nominalwert,Nominale,Kurs,Standort,Börse,Marktwährung
"ASML","ASML HOLDING","IT","Aktien","431.725.698,00","4,12","431.725.698,00","304.461,00","1.418,00","Niederlande","Euronext Amsterdam","EUR"
"HSBA","HSBC HOLDINGS PLC","Finanzwesen","Aktien","240.249.864,80","2,29","240.249.864,80","13.442.576,00","17,87","Vereinigtes Königreich","London Stock Exchange","GBP"
"ROP","ROCHE PS PAR AG","Gesundheitsversorgung","Aktien","210.477.349,98","2,01","210.477.349,98","551.343,00","381,75","Schweiz","SIX Swiss Exchange","CHF"
"NOVN","NOVARTIS AG","Gesundheitsversorgung","Aktien","183.299.017,14","1,75","183.299.017,14","1.494.829,00","122,62","Schweiz","SIX Swiss Exchange","CHF"
"SHELL","SHELL PLC","Energie","Aktien","182.315.574,24","1,74","182.315.574,24","4.386.804,00","41,56","Vereinigtes Königreich","Euronext Amsterdam","EUR"
"AZN","ASTRAZENECA PLC","Gesundheitsversorgung","Aktien","175.075.160,79","1,67","175.075.160,79","1.211.796,00","144,48","Vereinigtes Königreich","London Stock Exchange","GBP"
"NESN","NESTLE SA","Nichtzyklische Konsumgüter","Aktien","167.077.999,26","1,59","167.077.999,26","2.018.159,00","82,79","Schweiz","SIX Swiss Exchange","CHF"
"SIE","SIEMENS N AG","Industrie","Aktien","153.557.601,00","1,46","153.557.601,00","575.985,00","266,60","Deutschland","Xetra","EUR"
"SAN","BANCO SANTANDER","Finanzwesen","Aktien","149.274.804,86","1,42","149.274.804,86","11.525.232,00","12,95","Spanien","Bolsa De Madrid","EUR"
"SAP","SAP","IT","Aktien","149.162.960,00","1,42","149.162.960,00","793.420,00","188,00","Deutschland","Xetra","EUR"
"TTE","TOTALENERGIES","Energie","Aktien","141.693.781,26","1,35","141.693.781,26","1.779.402,00","79,63","Frankreich","Nyse Euronext - Euronext Paris","EUR"
"ALV","ALLIANZ","Finanzwesen","Aktien","133.988.879,70","1,28","133.988.879,70","297.027,00","451,10","Deutschland","Xetra","EUR"
"SU","SCHNEIDER ELECTRIC","Industrie","Aktien","129.654.934,20","1,24","129.654.934,20","451.602,00","287,10","Frankreich","Nyse Euronext - Euronext Paris","EUR"
"RR.","ROLLS-ROYCE HOLDINGS PLC","Industrie","Aktien","112.974.995,00","1,08","112.974.995,00","6.567.280,00","17,20","Vereinigtes Königreich","London Stock Exchange","GBP"
"BBVA","BANCO BILBAO VIZCAYA ARGENTARIA SA","Finanzwesen","Aktien","111.229.767,96","1,06","111.229.767,96","4.424.414,00","25,14","Spanien","Bolsa De Madrid","EUR"
"UBSG","UBS GROUP AG","Finanzwesen","Aktien","106.862.176,00","1,02","106.862.176,00","2.413.670,00","44,27","Schweiz","SIX Swiss Exchange","CHF"
"ABBN","ABB LTD","Industrie","Aktien","102.919.885,42","0,98","102.919.885,42","1.224.580,00","84,04","Schweiz","SIX Swiss Exchange","CHF"
"IBE","IBERDROLA","Versorger","Aktien","100.936.915,56","0,96","100.936.915,56","4.918.953,00","20,52","Spanien","Bolsa De Madrid","EUR"
"UCG","UNICREDIT","Finanzwesen","Aktien","99.121.303,04","0,94","99.121.303,04","1.184.528,00","83,68","Italien","Borsa Italiana","EUR"
"SAF","SAFRAN SA","Industrie","Aktien","96.171.958,40","0,92","96.171.958,40","290.024,00","331,60","Frankreich","Nyse Euronext - Euronext Paris","EUR"
"NOVO B","NOVO NORDISK CLASS B","Gesundheitsversorgung","Aktien","94.193.329,49","0,90","94.193.329,49","2.520.584,00","37,37","Dänemark","Omx Nordic Exchange Copenhagen A/S","DKK"
"ULVR","UNILEVER PLC","Nichtzyklische Konsumgüter","Aktien","92.142.819,38","0,88","92.142.819,38","1.711.009,00","53,85","Vereinigtes Königreich","London Stock Exchange","GBP"
"ENR","SIEMENS ENERGY N AG","Industrie","Aktien","90.279.380,60","0,86","90.279.380,60","636.667,00","141,80","Deutschland","Xetra","EUR"
"AIR","AIRBUS GROUP","Industrie","Aktien","90.154.825,00","0,86","90.154.825,00","461.150,00","195,50","Frankreich","Nyse Euronext - Euronext Paris","EUR"
"BP.","BP PLC","Energie","Aktien","84.556.722,77","0,81","84.556.722,77","12.896.601,00","6,56","Vereinigtes Königreich","London Stock Exchange","GBP"
"BNP","BNP PARIBAS SA","Finanzwesen","Aktien","84.056.092,10","0,80","84.056.092,10","809.945,00","103,78","Frankreich","Nyse Euronext - Euronext Paris","EUR"
"BATS","BRITISH AMERICAN TOBACCO","Nichtzyklische Konsumgüter","Aktien","82.650.461,89","0,79","82.650.461,89","1.699.260,00","48,64","Vereinigtes Königreich","London Stock Exchange","GBP"
"AI","LAIR LIQUIDE SOCIETE ANONYME POUR","Materialien","Aktien","82.205.908,56","0,78","82.205.908,56","497.494,00","165,24","Frankreich","Nyse Euronext - Euronext Paris","EUR"
"ISP","INTESA SANPAOLO","Finanzwesen","Aktien","81.852.895,63","0,78","81.852.895,63","12.012.459,00","6,81","Italien","Borsa Italiana","EUR"
"MC","LVMH","Zyklische Konsumgüter ","Aktien","79.926.004,20","0,76","79.926.004,20","193.854,00","412,30","Frankreich","Nyse Euronext - Euronext Paris","EUR"
"ZURN","ZURICH INSURANCE GROUP AG","Finanzwesen","Aktien","77.159.918,27","0,74","77.159.918,27","120.154,00","642,17","Schweiz","SIX Swiss Exchange","CHF"
"DTE","DEUTSCHE TELEKOM N AG","Kommunikation","Aktien","76.841.292,00","0,73","76.841.292,00","2.715.240,00","28,30","Deutschland","Xetra","EUR"
"CFR","COMPAGNIE FINANCIERE RICHEMONT SA","Zyklische Konsumgüter ","Aktien","76.551.002,70","0,73","76.551.002,70","422.206,00","181,31","Schweiz","SIX Swiss Exchange","CHF"
"INGA","ING GROEP","Finanzwesen","Aktien","73.431.938,61","0,70","73.431.938,61","2.272.731,00","32,31","Niederlande","Euronext Amsterdam","EUR"
"RIO","RIO TINTO PLC","Materialien","Aktien","71.750.498,05","0,68","71.750.498,05","842.374,00","85,18","Vereinigtes Königreich","London Stock Exchange","GBP"
"OR","LOREAL SA","Nichtzyklische Konsumgüter","Aktien","71.742.354,60","0,68","71.742.354,60","188.746,00","380,10","Frankreich","Nyse Euronext - Euronext Paris","EUR"
"GSK","GLAXOSMITHKLINE","Gesundheitsversorgung","Aktien","70.206.840,50","0,67","70.206.840,50","3.178.572,00","22,09","Vereinigtes Königreich","London Stock Exchange","GBP"
"SAN","SANOFI SA","Gesundheitsversorgung","Aktien","66.575.221,78","0,63","66.575.221,78","884.603,00","75,26","Frankreich","Nyse Euronext - Euronext Paris","EUR"
"CS","AXA SA","Finanzwesen","Aktien","62.281.661,64","0,59","62.281.661,64","1.382.194,00","45,06","Frankreich","Nyse Euronext - Euronext Paris","EUR"
"BARC","BARCLAYS PLC","Finanzwesen","Aktien","59.976.595,01","0,57","59.976.595,01","10.774.287,00","5,57","Vereinigtes Königreich","London Stock Exchange","GBP"
"LLOY","LLOYDS BANKING GROUP PLC","Finanzwesen","Aktien","59.645.464,38","0,57","59.645.464,38","45.728.904,00","1,30","Vereinigtes Königreich","London Stock Exchange","GBP"
"BA.","BAE SYSTEMS PLC","Industrie","Aktien","58.286.791,11","0,56","58.286.791,11","2.454.189,00","23,75","Vereinigtes Königreich","London Stock Exchange","GBP"
"IFX","INFINEON TECHNOLOGIES AG","IT","Aktien","55.594.515,20","0,53","55.594.515,20","1.021.958,00","54,40","Deutschland","Xetra","EUR"
"ENEL","ENEL","Versorger","Aktien","55.343.293,05","0,53","55.343.293,05","6.115.281,00","9,05","Italien","Borsa Italiana","EUR"
"ABI","ANHEUSER-BUSCH INBEV SA","Nichtzyklische Konsumgüter","Aktien","55.118.790,60","0,53","55.118.790,60","802.545,00","68,68","Belgien","Nyse Euronext - Euronext Brussels","EUR"
"NG.","NATIONAL GRID PLC","Versorger","Aktien","54.606.947,44","0,52","54.606.947,44","4.058.197,00","13,46","Vereinigtes Königreich","London Stock Exchange","GBP"
"NWG","NATWEST GROUP PLC","Finanzwesen","Aktien","53.277.760,52","0,51","53.277.760,52","6.429.608,00","8,29","Vereinigtes Königreich","London Stock Exchange","GBP"
"DBK","DEUTSCHE BANK AG","Finanzwesen","Aktien","51.577.593,07","0,49","51.577.593,07","1.506.135,00","34,24","Deutschland","Xetra","EUR"
"DG","VINCI SA","Industrie","Aktien","51.383.048,00","0,49","51.383.048,00","455.120,00","112,90","Frankreich","Nyse Euronext - Euronext Paris","EUR"
"INVE B","INVESTOR CLASS B","Finanzwesen","Aktien","51.350.589,01","0,49","51.350.589,01","1.425.513,00","36,02","Schweden","Nasdaq Omx Nordic","SEK"
"MUV2","MUENCHENER RUECKVERSICHERUNGS-GESE","Finanzwesen","Aktien","51.007.918,80","0,49","51.007.918,80","99.898,00","510,60","Deutschland","Xetra","EUR"
"GLEN","GLENCORE PLC","Materialien","Aktien","50.076.109,44","0,48","50.076.109,44","7.424.361,00","6,74","Vereinigtes Königreich","London Stock Exchange","GBP"
"NDA FI","NORDEA BANK","Finanzwesen","Aktien","47.740.884,42","0,46","47.740.884,42","2.671.566,00","17,87","Finnland","Nasdaq Omx Helsinki Ltd.","EUR"
"ITX","INDUSTRIA DE DISENO TEXTIL SA","Zyklische Konsumgüter ","Aktien","45.619.649,60","0,43","45.619.649,60","870.604,00","52,40","Spanien","Bolsa De Madrid","EUR"
"GLE","SOCIETE GENERALE SA","Finanzwesen","Aktien","43.483.271,04","0,41","43.483.271,04","586.344,00","74,16","Frankreich","Nyse Euronext - Euronext Paris","EUR"
"REL","RELX PLC","Industrie","Aktien","42.880.535,75","0,41","42.880.535,75","1.435.269,00","29,88","Vereinigtes Königreich","London Stock Exchange","GBP"
"ARGX","ARGENX","Gesundheitsversorgung","Aktien","42.365.344,00","0,40","42.365.344,00","48.808,00","868,00","Belgien","Nyse Euronext - Euronext Brussels","EUR"
"DHL","DHL AG","Industrie","Aktien","42.069.052,50","0,40","42.069.052,50","744.585,00","56,50","Deutschland","Xetra","EUR"
"DB1","DEUTSCHE BOERSE AG","Finanzwesen","Aktien","40.944.533,00","0,39","40.944.533,00","146.335,00","279,80","Deutschland","Xetra","EUR"
"AAL","ANGLO AMERICAN PLC","Materialien","Aktien","40.642.728,22","0,39","40.642.728,22","862.606,00","47,12","Vereinigtes Königreich","London Stock Exchange","GBP"
"NOKIA","NOKIA","IT","Aktien","39.388.794,00","0,38","39.388.794,00","4.258.248,00","9,25","Finnland","Nasdaq Omx Helsinki Ltd.","EUR"
"G","ASSICURAZIONI GENERALI","Finanzwesen","Aktien","39.342.471,07","0,38","39.342.471,07","851.753,00","46,19","Italien","Borsa Italiana","EUR"
"EUR","EUR CASH","Cash und/oder Derivate","Geldmarkt","38.779.812,99","0,37","38.779.812,99","38.779.813,00","100,00","Europäische Union","-","EUR"
"STAN","STANDARD CHARTERED PLC","Finanzwesen","Aktien","38.577.864,81","0,37","38.577.864,81","1.419.384,00","27,18","Vereinigtes Königreich","London Stock Exchange","GBP"
"ENI","ENI","Energie","Aktien","38.405.627,04","0,37","38.405.627,04","1.594.256,00","24,09","Italien","Borsa Italiana","EUR"
"RMS","HERMES INTERNATIONAL","Zyklische Konsumgüter ","Aktien","37.859.250,00","0,36","37.859.250,00","27.534,00","1.375,00","Frankreich","Nyse Euronext - Euronext Paris","EUR"
"BAYN","BAYER AG","Gesundheitsversorgung","Aktien","37.641.534,72","0,36","37.641.534,72","767.568,00","49,04","Deutschland","Xetra","EUR"
"CPG","COMPASS GROUP PLC","Zyklische Konsumgüter ","Aktien","37.605.114,92","0,36","37.605.114,92","1.388.850,00","27,08","Vereinigtes Königreich","London Stock Exchange","USD"
"VOLV B","VOLVO CLASS B","Industrie","Aktien","37.515.589,06","0,36","37.515.589,06","1.252.173,00","29,96","Schweden","Nasdaq Omx Nordic","SEK"
"RHM","RHEINMETALL AG","Industrie","Aktien","37.229.503,20","0,35","37.229.503,20","36.636,00","1.016,20","Deutschland","Xetra","EUR"
"ENGI","ENGIE SA","Versorger","Aktien","37.075.582,50","0,35","37.075.582,50","1.528.890,00","24,25","Frankreich","Nyse Euronext - Euronext Paris","EUR"
"BAS","BASF N","Materialien","Aktien","36.840.828,64","0,35","36.840.828,64","703.472,00","52,37","Deutschland","Xetra","EUR"
"LSEG","LONDON STOCK EXCHANGE GROUP PLC","Finanzwesen","Aktien","36.298.638,26","0,35","36.298.638,26","377.930,00","96,05","Vereinigtes Königreich","London Stock Exchange","GBP"
"CABK","CAIXABANK SA","Finanzwesen","Aktien","35.891.719,20","0,34","35.891.719,20","2.759.840,00","13,01","Spanien","Bolsa De Madrid","EUR"
"ATCO A","ATLAS COPCO CLASS A","Industrie","Aktien","35.820.174,67","0,34","35.820.174,67","2.027.961,00","17,66","Schweden","Nasdaq Omx Nordic","SEK"
"PRX","PROSUS NV CLASS N","Zyklische Konsumgüter ","Aktien","35.625.938,64","0,34","35.625.938,64","995.416,00","35,79","Niederlande","Euronext Amsterdam","EUR"
"EL","ESSILORLUXOTTICA SA","Gesundheitsversorgung","Aktien","34.766.995,50","0,33","34.766.995,50","245.790,00","141,45","Frankreich","Nyse Euronext - Euronext Paris","EUR"
"SREN","SWISS RE AG","Finanzwesen","Aktien","34.037.283,89","0,32","34.037.283,89","230.858,00","147,44","Schweiz","SIX Swiss Exchange","CHF"
"RACE","FERRARI","Zyklische Konsumgüter ","Aktien","33.991.935,80","0,32","33.991.935,80","94.606,00","359,30","Italien","Borsa Italiana","EUR"
"DGE","DIAGEO PLC","Nichtzyklische Konsumgüter","Aktien","33.190.598,53","0,32","33.190.598,53","1.755.904,00","18,90","Vereinigtes Königreich","London Stock Exchange","GBP"
"LONN","LONZA GROUP AG","Gesundheitsversorgung","Aktien","31.687.049,51","0,30","31.687.049,51","55.011,00","576,01","Schweiz","SIX Swiss Exchange","CHF"
"EOAN","E.ON N","Versorger","Aktien","31.254.795,67","0,30","31.254.795,67","1.758.357,00","17,77","Deutschland","Xetra","EUR"
"BN","DANONE SA","Nichtzyklische Konsumgüter","Aktien","30.968.481,06","0,30","30.968.481,06","504.537,00","61,38","Frankreich","Nyse Euronext - Euronext Paris","EUR"
"RWE","RWE AG","Versorger","Aktien","30.682.813,00","0,29","30.682.813,00","506.150,00","60,62","Deutschland","Xetra","EUR"
"ASM","ASM INTERNATIONAL NV","IT","Aktien","30.595.261,20","0,29","30.595.261,20","38.689,00","790,80","Niederlande","Euronext Amsterdam","EUR"
"HOLN","HOLCIM LTD AG","Materialien","Aktien","30.236.627,33","0,29","30.236.627,33","419.236,00","72,12","Schweiz","SIX Swiss Exchange","CHF"
"RKT","RECKITT BENCKISER GROUP PLC","Nichtzyklische Konsumgüter","Aktien","29.515.617,74","0,28","29.515.617,74","507.186,00","58,20","Vereinigtes Königreich","London Stock Exchange","GBP"
"EBS","ERSTE GROUP BANK AG","Finanzwesen","Aktien","28.868.227,50","0,28","28.868.227,50","235.659,00","122,50","Österreich","Wiener Boerse Ag","EUR"
"LR","LEGRAND SA","Industrie","Aktien","28.273.799,40","0,27","28.273.799,40","207.438,00","136,30","Frankreich","Nyse Euronext - Euronext Paris","EUR"
"TSCO","TESCO PLC","Nichtzyklische Konsumgüter","Aktien","28.249.518,53","0,27","28.249.518,53","5.048.954,00","5,60","Vereinigtes Königreich","London Stock Exchange","GBP"
"PRY","PRYSMIAN","Industrie","Aktien","28.098.717,00","0,27","28.098.717,00","230.980,00","121,65","Italien","Borsa Italiana","EUR"
"HLN","HALEON PLC","Gesundheitsversorgung","Aktien","27.687.664,46","0,26","27.687.664,46","7.011.275,00","3,95","Vereinigtes Königreich","London Stock Exchange","GBP"
"SSE","SSE PLC","Versorger","Aktien","27.590.090,09","0,26","27.590.090,09","954.297,00","28,91","Vereinigtes Königreich","London Stock Exchange","GBP"
"SAND","SANDVIK","Industrie","Aktien","27.585.486,23","0,26","27.585.486,23","833.619,00","33,09","Schweden","Nasdaq Omx Nordic","SEK"
"SGO","COMPAGNIE DE SAINT GOBAIN SA","Industrie","Aktien","27.288.403,00","0,26","27.288.403,00","387.950,00","70,34","Frankreich","Nyse Euronext - Euronext Paris","EUR"
"DSV","DSV","Industrie","Aktien","27.012.415,39","0,26","27.012.415,39","153.966,00","175,44","Dänemark","Omx Nordic Exchange Copenhagen A/S","DKK"
"REP","REPSOL","Energie","Aktien","26.097.377,28","0,25","26.097.377,28","876.928,00","29,76","Spanien","Bolsa De Madrid","EUR"
"EQNR","EQUINOR","Energie","Aktien","25.878.105,87","0,25","25.878.105,87","672.565,00","38,48","Norwegen","Oslo Bors Asa","NOK"
"SWED A","SWEDBANK","Finanzwesen","Aktien","25.839.111,84","0,25","25.839.111,84","716.158,00","36,08","Schweden","Nasdaq Omx Nordic","SEK"
"MBG","MERCEDES-BENZ GROUP N AG","Zyklische Konsumgüter ","Aktien","25.839.358,03","0,25","25.839.358,03","559.354,00","46,20","Deutschland","Xetra","EUR"
"DANSKE","DANSKE BANK","Finanzwesen","Aktien","25.274.502,04","0,24","25.274.502,04","502.754,00","50,27","Dänemark","Omx Nordic Exchange Copenhagen A/S","DKK"
"SEB A","SKANDINAVISKA ENSKILDA BANKEN","Finanzwesen","Aktien","25.037.579,31","0,24","25.037.579,31","1.224.711,00","20,44","Schweden","Nasdaq Omx Nordic","SEK"
"SDZ","SANDOZ GROUP AG","Gesundheitsversorgung","Aktien","24.989.410,19","0,24","24.989.410,19","348.320,00","71,74","Schweiz","SIX Swiss Exchange","CHF"
"SIKA","SIKA AG","Materialien","Aktien","24.843.825,07","0,24","24.843.825,07","127.267,00","195,21","Schweiz","SIX Swiss Exchange","CHF"
"GALD","GALDERMA GROUP N AG","Gesundheitsversorgung","Aktien","24.762.596,57","0,24","24.762.596,57","148.428,00","166,83","Schweiz","SIX Swiss Exchange","CHF"
"ORA","ORANGE SA","Kommunikation","Aktien","24.538.021,20","0,23","24.538.021,20","1.537.470,00","15,96","Frankreich","Nyse Euronext - Euronext Paris","EUR"
"ASSA B","ASSA ABLOY B","Industrie","Aktien","24.043.154,99","0,23","24.043.154,99","783.253,00","30,70","Schweden","Nasdaq Omx Nordic","SEK"
"III","3I GROUP PLC","Finanzwesen","Aktien","23.671.734,63","0,23","23.671.734,63","750.009,00","31,56","Vereinigtes Königreich","London Stock Exchange","GBP"
"PRU","PRUDENTIAL PLC","Finanzwesen","Aktien","22.980.451,37","0,22","22.980.451,37","1.989.142,00","11,55","Vereinigtes Königreich","London Stock Exchange","GBP"
"VOD","VODAFONE GROUP PLC","Kommunikation","Aktien","22.940.940,29","0,22","22.940.940,29","14.978.448,00","1,53","Vereinigtes Königreich","London Stock Exchange","GBP"
"EXPN","EXPERIAN PLC","Industrie","Aktien","22.889.072,66","0,22","22.889.072,66","703.196,00","32,55","Vereinigtes Königreich","London Stock Exchange","GBP"
"KBC","KBC GROEP","Finanzwesen","Aktien","22.844.750,00","0,22","22.844.750,00","171.250,00","133,40","Belgien","Nyse Euronext - Euronext Brussels","EUR"
"MT","ARCELORMITTAL SA","Materialien","Aktien","22.533.176,32","0,21","22.533.176,32","343.808,00","65,54","Frankreich","Euronext Amsterdam","EUR"
"ADYEN","ADYEN","Finanzwesen","Aktien","22.316.485,50","0,21","22.316.485,50","24.435,00","913,30","Niederlande","Euronext Amsterdam","EUR"
"ALC","ALCON AG","Gesundheitsversorgung","Aktien","22.309.760,48","0,21","22.309.760,48","394.996,00","56,48","Schweiz","SIX Swiss Exchange","CHF"
"AD","KONINKLIJKE AHOLD DELHAIZE","Nichtzyklische Konsumgüter","Aktien","22.192.166,78","0,21","22.192.166,78","693.722,00","31,99","Niederlande","Euronext Amsterdam","EUR"
"STMMI","STMICROELECTRONICS","IT","Aktien","22.088.657,22","0,21","22.088.657,22","520.284,00","42,45","Frankreich","Borsa Italiana","EUR"
"VWS","VESTAS WIND SYSTEMS","Industrie","Aktien","21.970.898,32","0,21","21.970.898,32","780.977,00","28,13","Dänemark","Omx Nordic Exchange Copenhagen A/S","DKK"
"SLHN","SWISS LIFE HOLDING AG","Finanzwesen","Aktien","21.835.562,25","0,21","21.835.562,25","22.082,00","988,84","Schweiz","SIX Swiss Exchange","CHF"
"ABN","ABN AMRO BANK NV","Finanzwesen","Aktien","21.338.046,03","0,20","21.338.046,03","489.517,00","43,59","Niederlande","Euronext Amsterdam","EUR"
"GIVN","GIVAUDAN SA","Materialien","Aktien","20.857.429,66","0,20","20.857.429,66","6.035,00","3.456,08","Schweiz","SIX Swiss Exchange","CHF"
"BMPS","BANCA MONTE DEI PASCHI DI SIENA SP","Finanzwesen","Aktien","20.772.589,40","0,20","20.772.589,40","1.738.292,00","11,95","Italien","Borsa Italiana","EUR"
"ERIC B","ERICSSON B","IT","Aktien","20.378.672,17","0,19","20.378.672,17","2.269.306,00","8,98","Schweden","Nasdaq Omx Nordic","SEK"
"UCB","UCB SA","Gesundheitsversorgung","Aktien","20.174.957,60","0,19","20.174.957,60","96.716,00","208,60","Belgien","Nyse Euronext - Euronext Brussels","EUR"
"ADS","ADIDAS N AG","Zyklische Konsumgüter ","Aktien","19.949.100,80","0,19","19.949.100,80","140.092,00","142,40","Deutschland","Xetra","EUR"
"AV.","AVIVA PLC","Finanzwesen","Aktien","19.911.230,52","0,19","19.911.230,52","2.359.216,00","8,44","Vereinigtes Königreich","London Stock Exchange","GBP"
"DNB","DNB BANK","Finanzwesen","Aktien","19.473.057,01","0,19","19.473.057,01","661.297,00","29,45","Norwegen","Oslo Bors Asa","NOK"
"AMS","AMADEUS IT GROUP","Zyklische Konsumgüter ","Aktien","19.065.849,52","0,18","19.065.849,52","341.927,00","55,76","Spanien","Bolsa De Madrid","EUR"
"A5G","AIB GROUP PLC","Finanzwesen","Aktien","18.853.220,09","0,18","18.853.220,09","1.610.698,00","11,71","Irland","Irish Stock Exchange - All Market","EUR"
"SAMPO","SAMPO CLASS A","Finanzwesen","Aktien","18.772.388,58","0,18","18.772.388,58","1.973.548,00","9,51","Finnland","Nasdaq Omx Helsinki Ltd.","EUR"
"PKO","POWSZECHNA KASA OSZCZEDNOSCI BANK","Finanzwesen","Aktien","18.692.419,20","0,18","18.692.419,20","678.462,00","27,55","Polen","Warsaw Stock Exchange/Equities/Main Market","PLN"
"FER","FERROVIAL NV","Industrie","Aktien","18.549.110,40","0,18","18.549.110,40","389.360,00","47,64","Spanien","Bolsa De Madrid","EUR"
"DTG","DAIMLER TRUCK HOLDING E AG","Industrie","Aktien","18.425.346,00","0,18","18.425.346,00","416.392,00","44,25","Deutschland","Xetra","EUR"
"PUB","PUBLICIS GROUPE","Kommunikation","Aktien","18.255.841,52","0,17","18.255.841,52","187.201,00","97,52","Frankreich","Nyse Euronext - Euronext Paris","EUR"
"ML","MICHELIN","Zyklische Konsumgüter ","Aktien","18.218.424,90","0,17","18.218.424,90","543.185,00","33,54","Frankreich","Nyse Euronext - Euronext Paris","EUR"
"HO","THALES SA","Industrie","Aktien","18.046.220,70","0,17","18.046.220,70","75.729,00","238,30","Frankreich","Nyse Euronext - Euronext Paris","EUR"
"EQT","EQT","Finanzwesen","Aktien","18.002.615,04","0,17","18.002.615,04","667.689,00","26,96","Schweden","Nasdaq Omx Nordic","SEK"
"BPE","BPER BANCA","Finanzwesen","Aktien","17.147.893,16","0,16","17.147.893,16","1.186.377,00","14,45","Italien","Borsa Italiana","EUR"
"IMB","IMPERIAL BRANDS PLC","Nichtzyklische Konsumgüter","Aktien","17.000.012,96","0,16","17.000.012,96","585.883,00","29,02","Vereinigtes Königreich","London Stock Exchange","GBP"
"VIE","VEOLIA ENVIRON. SA","Versorger","Aktien","16.936.772,71","0,16","16.936.772,71","527.461,00","32,11","Frankreich","Nyse Euronext - Euronext Paris","EUR"
"SHB A","SVENSKA HANDELSBANKEN-A SHS","Finanzwesen","Aktien","16.602.328,60","0,16","16.602.328,60","1.207.284,00","13,75","Schweden","Nasdaq Omx Nordic","SEK"
"NN","NN GROUP","Finanzwesen","Aktien","16.344.407,40","0,16","16.344.407,40","201.534,00","81,10","Niederlande","Euronext Amsterdam","EUR"
"BMW","BMW","Zyklische Konsumgüter ","Aktien","16.322.329,26","0,16","16.322.329,26","258.183,00","63,22","Deutschland","Xetra","EUR"
"ACA","CREDIT AGRICOLE SA","Finanzwesen","Aktien","16.104.171,71","0,15","16.104.171,71","865.583,00","18,61","Frankreich","Nyse Euronext - Euronext Paris","EUR"
"PKN","ORLEN","Energie","Aktien","16.035.575,62","0,15","16.035.575,62","453.975,00","35,32","Polen","Warsaw Stock Exchange/Equities/Main Market","PLN"
"HEIA","HEINEKEN NV","Nichtzyklische Konsumgüter","Aktien","15.739.875,20","0,15","15.739.875,20","220.570,00","71,36","Niederlande","Euronext Amsterdam","EUR"
"NXT","NEXT PLC","Zyklische Konsumgüter ","Aktien","15.700.791,13","0,15","15.700.791,13","90.523,00","173,45","Vereinigtes Königreich","London Stock Exchange","GBP"
"IHG","INTERCONTINENTAL HOTELS GROUP PLC","Zyklische Konsumgüter ","Aktien","15.658.953,94","0,15","15.658.953,94","117.210,00","133,60","Vereinigtes Königreich","London Stock Exchange","USD"
"KNEBV","KONE","Industrie","Aktien","15.652.086,48","0,15","15.652.086,48","310.188,00","50,46","Finnland","Nasdaq Omx Helsinki Ltd.","EUR"
"GEBN","GEBERIT AG","Industrie","Aktien","15.622.047,77","0,15","15.622.047,77","27.121,00","576,01","Schweiz","SIX Swiss Exchange","CHF"
"NSIS B","NOVOZYMES B","Materialien","Aktien","15.595.777,93","0,15","15.595.777,93","273.157,00","57,09","Dänemark","Omx Nordic Exchange Copenhagen A/S","DKK"
"LDO","LEONARDO FINMECCANICA SPA","Industrie","Aktien","15.584.640,50","0,15","15.584.640,50","307.450,00","50,69","Italien","Borsa Italiana","EUR"
"LGEN","LEGAL AND GENERAL GROUP PLC","Finanzwesen","Aktien","15.383.323,04","0,15","15.383.323,04","4.387.580,00","3,51","Vereinigtes Königreich","London Stock Exchange","GBP"
"ACS","ACS ACTIVIDADES DE CONSTRUCCION Y","Industrie","Aktien","15.096.473,65","0,14","15.096.473,65","161.201,00","93,65","Spanien","Bolsa De Madrid","EUR"
"MTX","MTU AERO ENGINES HOLDING AG","Industrie","Aktien","14.941.499,70","0,14","14.941.499,70","43.221,00","345,70","Deutschland","Xetra","EUR"
"GMAB","GENMAB","Gesundheitsversorgung","Aktien","14.937.648,97","0,14","14.937.648,97","49.761,00","300,19","Dänemark","Omx Nordic Exchange Copenhagen A/S","DKK"
"FRE","FRESENIUS N","Gesundheitsversorgung","Aktien","14.777.597,87","0,14","14.777.597,87","320.451,00","46,12","Deutschland","Xetra","EUR"
"HBAN","HELVETIA BALOISE HOLDING N AG","Finanzwesen","Aktien","14.596.263,79","0,14","14.596.263,79","61.325,00","238,01","Schweiz","SIX Swiss Exchange","CHF"
"AENA","AENA SME SA","Industrie","Aktien","14.538.378,40","0,14","14.538.378,40","570.580,00","25,48","Spanien","Bolsa De Madrid","EUR"
"BIRG","BANK OF IRELAND GROUP PLC","Finanzwesen","Aktien","14.533.174,08","0,14","14.533.174,08","714.512,00","20,34","Irland","Irish Stock Exchange - All Market","EUR"
"CBK","COMMERZBANK AG","Finanzwesen","Aktien","14.466.368,28","0,14","14.466.368,28","346.749,00","41,72","Deutschland","Xetra","EUR"
"RYA","RYANAIR HOLDINGS PLC","Industrie","Aktien","14.449.988,00","0,14","14.449.988,00","639.380,00","22,60","Irland","Irish Stock Exchange - All Market","EUR"
"CAP","CAPGEMINI","IT","Aktien","14.391.027,00","0,14","14.391.027,00","134.370,00","107,10","Frankreich","Nyse Euronext - Euronext Paris","EUR"
"SCMN","SWISSCOM AG","Kommunikation","Aktien","14.356.042,07","0,14","14.356.042,07","20.228,00","709,71","Schweiz","SIX Swiss Exchange","CHF"
"HEI","HEIDELBERG MATERIALS AG","Materialien","Aktien","14.269.647,55","0,14","14.269.647,55","97.637,00","146,15","Deutschland","Xetra","EUR"
"SAB","BANCO DE SABADELL","Finanzwesen","Aktien","14.251.643,52","0,14","14.251.643,52","3.848.675,00","3,70","Spanien","Bolsa De Madrid","EUR"
"HEXA B","HEXAGON CLASS B","IT","Aktien","14.145.366,11","0,13","14.145.366,11","1.673.530,00","8,45","Schweden","Nasdaq Omx Nordic","SEK"
"BAMI","BANCO BPM","Finanzwesen","Aktien","14.077.754,17","0,13","14.077.754,17","878.487,00","16,02","Italien","Borsa Italiana","EUR"
"SAAB B","SAAB CLASS B","Industrie","Aktien","13.977.036,58","0,13","13.977.036,58","257.289,00","54,32","Schweden","Nasdaq Omx Nordic","SEK"
"VACN","VAT GROUP AG","Industrie","Aktien","13.482.719,74","0,13","13.482.719,74","21.440,00","628,86","Schweiz","SIX Swiss Exchange","CHF"
"MRK","MERCK","Gesundheitsversorgung","Aktien","13.474.019,35","0,13","13.474.019,35","102.503,00","131,45","Deutschland","Xetra","EUR"
"PHIA","KONINKLIJKE PHILIPS","Gesundheitsversorgung","Aktien","13.415.370,48","0,13","13.415.370,48","622.812,00","21,54","Niederlande","Euronext Amsterdam","EUR"
"SGSN","SGS SA","Industrie","Aktien","13.337.777,27","0,13","13.337.777,27","135.201,00","98,65","Schweiz","SIX Swiss Exchange","CHF"
"KER","KERING SA","Zyklische Konsumgüter ","Aktien","13.174.645,60","0,13","13.174.645,60","54.986,00","239,60","Frankreich","Nyse Euronext - Euronext Paris","EUR"
"GBP","GBP CASH","Cash und/oder Derivate","Geldmarkt","12.915.719,56","0,12","12.915.719,56","11.110.276,00","116,25","Vereinigtes Königreich","-","GBP"
"VOW3","VOLKSWAGEN NON-VOTING PREF AG","Zyklische Konsumgüter ","Aktien","12.875.311,04","0,12","12.875.311,04","158.876,00","81,04","Deutschland","Xetra","EUR"
"ANTO","ANTOFAGASTA PLC","Materialien","Aktien","12.872.404,25","0,12","12.872.404,25","299.109,00","43,04","Vereinigtes Königreich","London Stock Exchange","GBP"
"UMG","UNIVERSAL MUSIC GROUP","Kommunikation","Aktien","12.791.460,44","0,12","12.791.460,44","867.806,00","14,74","Niederlande","Euronext Amsterdam","EUR"
"WKL","WOLTERS KLUWER","Industrie","Aktien","12.545.931,84","0,12","12.545.931,84","179.023,00","70,08","Niederlande","Euronext Amsterdam","EUR"
"BAER","JULIUS BAER GRUPPE AG","Finanzwesen","Aktien","12.425.002,45","0,12","12.425.002,45","159.946,00","77,68","Schweiz","SIX Swiss Exchange","CHF"
"KPN","KONINKLIJKE KPN NV","Kommunikation","Aktien","12.421.735,45","0,12","12.421.735,45","2.952.635,00","4,21","Niederlande","Euronext Amsterdam","EUR"
"DSFIR","DSM FIRMENICH AG","Materialien","Aktien","12.320.916,36","0,12","12.320.916,36","133.401,00","92,36","Niederlande","Euronext Amsterdam","EUR"
"HLMA","HALMA PLC","IT","Aktien","12.184.082,83","0,12","12.184.082,83","297.078,00","41,01","Vereinigtes Königreich","London Stock Exchange","GBP"
"BT.A","BT GROUP PLC","Kommunikation","Aktien","12.091.842,90","0,12","12.091.842,90","4.995.949,00","2,42","Vereinigtes Königreich","London Stock Exchange","GBP"
"DSY","DASSAULT SYSTEMES","IT","Aktien","11.873.486,94","0,11","11.873.486,94","576.943,00","20,58","Frankreich","Nyse Euronext - Euronext Paris","EUR"
"HNR1","HANNOVER RUECK","Finanzwesen","Aktien","11.755.277,60","0,11","11.755.277,60","46.063,00","255,20","Deutschland","Xetra","EUR"
"PGHN","PARTNERS GROUP HOLDING AG","Finanzwesen","Aktien","11.682.154,99","0,11","11.682.154,99","17.799,00","656,34","Schweiz","SIX Swiss Exchange","CHF"
"KRX","KINGSPAN GROUP PLC","Industrie","Aktien","11.448.524,25","0,11","11.448.524,25","118.331,00","96,75","Irland","Irish Stock Exchange - All Market","EUR"
"NESTE","NESTE","Energie","Aktien","11.387.042,97","0,11","11.387.042,97","331.887,00","34,31","Finnland","Nasdaq Omx Helsinki Ltd.","EUR"
"EPI A","EPIROC CLASS A","Industrie","Aktien","11.380.551,82","0,11","11.380.551,82","500.837,00","22,72","Schweden","Nasdaq Omx Nordic","SEK"
"EDP","EDP ENERGIAS DE PORTUGAL","Versorger","Aktien","11.307.833,45","0,11","11.307.833,45","2.330.551,00","4,85","Portugal","Nyse Euronext - Euronext Lisbon","EUR"
"SHL","SIEMENS HEALTHINEERS AG","Gesundheitsversorgung","Aktien","11.205.615,62","0,11","11.205.615,62","291.661,00","38,42","Deutschland","Xetra","EUR"
"ALFA","ALFA LAVAL","Industrie","Aktien","11.091.115,01","0,11","11.091.115,01","224.912,00","49,31","Schweden","Nasdaq Omx Nordic","SEK"
"ELE","ENDESA SA","Versorger","Aktien","10.989.153,16","0,10","10.989.153,16","251.353,00","43,72","Spanien","Bolsa De Madrid","EUR"
"FBK","FINECOBANK BANCA FINECO","Finanzwesen","Aktien","10.983.478,00","0,10","10.983.478,00","476.300,00","23,06","Italien","Borsa Italiana","EUR"
"TEF","TELEFONICA SA","Kommunikation","Aktien","10.979.710,22","0,10","10.979.710,22","2.926.362,00","3,75","Spanien","Bolsa De Madrid","EUR"
"WRT1V","WARTSILA","Industrie","Aktien","10.979.154,00","0,10","10.979.154,00","377.550,00","29,08","Finnland","Nasdaq Omx Helsinki Ltd.","EUR"
"UPM","UPM-KYMMENE","Materialien","Aktien","10.795.382,40","0,10","10.795.382,40","408.916,00","26,40","Finnland","Nasdaq Omx Helsinki Ltd.","EUR"
"BG","BAWAG GROUP AG","Finanzwesen","Aktien","10.771.544,60","0,10","10.771.544,60","60.311,00","178,60","Österreich","Wiener Boerse Ag","EUR"
"SGRO","SEGRO REIT PLC","Immobilien","Aktien","10.678.336,02","0,10","10.678.336,02","974.708,00","10,96","Vereinigtes Königreich","London Stock Exchange","GBP"
"BESI","BE SEMICONDUCTOR INDUSTRIES NV","IT","Aktien","10.629.366,00","0,10","10.629.366,00","58.564,00","181,50","Niederlande","Euronext Amsterdam","EUR"
"BOL","BOLIDEN","Materialien","Aktien","10.618.368,54","0,10","10.618.368,54","221.952,00","47,84","Schweden","Nasdaq Omx Nordic","SEK"
"INF","INFORMA PLC","Kommunikation","Aktien","10.613.194,16","0,10","10.613.194,16","1.022.353,00","10,38","Vereinigtes Königreich","London Stock Exchange","GBP"
"TRN","TERNA RETE ELETTRICA NAZIONALE","Versorger","Aktien","10.551.982,56","0,10","10.551.982,56","1.120.168,00","9,42","Italien","Borsa Italiana","EUR"
"VNA","VONOVIA SE","Immobilien","Aktien","10.551.059,56","0,10","10.551.059,56","586.822,00","17,98","Deutschland","Xetra","EUR"
"KRZ","KERRY GROUP PLC","Nichtzyklische Konsumgüter","Aktien","10.520.195,00","0,10","10.520.195,00","123.767,00","85,00","Irland","Irish Stock Exchange - All Market","EUR"
"TIT","TELECOM ITALIA","Kommunikation","Aktien","10.486.751,62","0,10","10.486.751,62","1.331.651,00","7,88","Italien","Borsa Italiana","EUR"
"ESSITY B","ESSITY CLASS B","Nichtzyklische Konsumgüter","Aktien","10.380.659,12","0,10","10.380.659,12","442.833,00","23,44","Schweden","Nasdaq Omx Nordic","SEK"
"KOG","KONGSBERG GRUPPEN","Industrie","Aktien","10.359.243,83","0,10","10.359.243,83","346.360,00","29,91","Norwegen","Oslo Bors Asa","NOK"
"LOGN","LOGITECH INTERNATIONAL","IT","Aktien","9.919.032,81","0,09","9.919.032,81","111.302,00","89,12","Schweiz","SIX Swiss Exchange","CHF"
"SOON","SONOVA HOLDING AG","Gesundheitsversorgung","Aktien","9.900.378,82","0,09","9.900.378,82","39.861,00","248,37","Schweiz","SIX Swiss Exchange","CHF"
"PST","POSTE ITALIANE","Finanzwesen","Aktien","9.634.835,61","0,09","9.634.835,61","355.923,00","27,07","Italien","Borsa Italiana","EUR"
"ENX","EURONEXT NV","Finanzwesen","Aktien","9.566.457,20","0,09","9.566.457,20","60.778,00","157,40","Frankreich","Nyse Euronext - Euronext Paris","EUR"
"KNIN","KUEHNE UND NAGEL INTERNATIONAL AG","Industrie","Aktien","9.558.948,45","0,09","9.558.948,45","41.775,00","228,82","Schweiz","SIX Swiss Exchange","CHF"
"CLNX","CELLNEX TELECOM","Kommunikation","Aktien","9.510.229,29","0,09","9.510.229,29","379.347,00","25,07","Spanien","Bolsa De Madrid","EUR"
"STMN","STRAUMANN HOLDING AG","Gesundheitsversorgung","Aktien","9.434.392,78","0,09","9.434.392,78","94.300,00","100,05","Schweiz","SIX Swiss Exchange","CHF"
"EN","BOUYGUES SA","Industrie","Aktien","9.416.257,50","0,09","9.416.257,50","209.950,00","44,85","Frankreich","Nyse Euronext - Euronext Paris","EUR"
"UU.","UNITED UTILITIES GROUP PLC","Versorger","Aktien","9.411.226,09","0,09","9.411.226,09","581.585,00","16,18","Vereinigtes Königreich","London Stock Exchange","GBP"
"AGS","AGEAS","Finanzwesen","Aktien","9.369.936,25","0,09","9.369.936,25","121.925,00","76,85","Belgien","Nyse Euronext - Euronext Brussels","EUR"
"SY1","SYMRISE AG","Materialien","Aktien","9.326.881,70","0,09","9.326.881,70","103.517,00","90,10","Deutschland","Xetra","EUR"
"IAG","INTERNATIONAL AIRLINES GROUP","Industrie","Aktien","9.323.789,81","0,09","9.323.789,81","1.897.882,00","4,91","Spanien","London Stock Exchange","GBP"
"RI","PERNOD RICARD SA","Nichtzyklische Konsumgüter","Aktien","9.169.803,00","0,09","9.169.803,00","152.525,00","60,12","Frankreich","Nyse Euronext - Euronext Paris","EUR"
"ADM","ADMIRAL GROUP PLC","Finanzwesen","Aktien","9.047.908,47","0,09","9.047.908,47","199.875,00","45,27","Vereinigtes Königreich","London Stock Exchange","GBP"
"METSO","METSO CORPORATION","Industrie","Aktien","9.021.470,98","0,09","9.021.470,98","514.337,00","17,54","Finnland","Nasdaq Omx Helsinki Ltd.","EUR"
"PEO","BANK PEKAO SA","Finanzwesen","Aktien","8.966.543,05","0,09","8.966.543,05","143.629,00","62,43","Polen","Warsaw Stock Exchange/Equities/Main Market","PLN"
"DPLM","DIPLOMA PLC","Industrie","Aktien","8.919.589,51","0,09","8.919.589,51","104.676,00","85,21","Vereinigtes Königreich","London Stock Exchange","GBP"
"SRG","SNAM","Versorger","Aktien","8.903.814,39","0,08","8.903.814,39","1.583.745,00","5,62","Italien","Borsa Italiana","EUR"
"SGE","THE SAGE GROUP","IT","Aktien","8.901.071,89","0,08","8.901.071,89","740.505,00","12,02","Vereinigtes Königreich","London Stock Exchange","GBP"
"SCHP","SCHINDLER HOLDING PAR AG","Industrie","Aktien","8.899.748,32","0,08","8.899.748,32","32.996,00","269,72","Schweiz","SIX Swiss Exchange","CHF"
"HEN3","HENKEL & KGAA PREF AG","Nichtzyklische Konsumgüter","Aktien","8.897.722,14","0,08","8.897.722,14","120.207,00","74,02","Deutschland","Xetra","EUR"
"CCH","COCA COLA HBC AG","Nichtzyklische Konsumgüter","Aktien","8.887.000,04","0,08","8.887.000,04","165.829,00","53,59","Vereinigtes Königreich","London Stock Exchange","GBP"
"UNI","UNIPOL ASSICURAZIONI SPA","Finanzwesen","Aktien","8.858.362,28","0,08","8.858.362,28","312.244,00","28,37","Italien","Borsa Italiana","EUR"
"KGH","KGHM POLSKA MIEDZ SA","Materialien","Aktien","8.765.942,01","0,08","8.765.942,01","112.036,00","78,24","Polen","Warsaw Stock Exchange/Equities/Main Market","PLN"
"FORTUM","FORTUM","Versorger","Aktien","8.633.244,41","0,08","8.633.244,41","353.387,00","24,43","Finnland","Nasdaq Omx Helsinki Ltd.","EUR"
"BCP","BANCO COMERCIAL PORTUGUES SA","Finanzwesen","Aktien","8.567.286,00","0,08","8.567.286,00","7.121.601,00","1,20","Portugal","Nyse Euronext - Euronext Lisbon","EUR"
"ALE","ALLEGRO SA","Zyklische Konsumgüter ","Aktien","8.524.033,75","0,08","8.524.033,75","751.271,00","11,35","Polen","Warsaw Stock Exchange/Equities/Main Market","PLN"
"ASRNL","ASR NEDERLAND","Finanzwesen","Aktien","8.511.633,04","0,08","8.511.633,04","113.549,00","74,96","Niederlande","Euronext Amsterdam","EUR"
"ITRK","INTERTEK GROUP PLC","Industrie","Aktien","8.476.286,04","0,08","8.476.286,04","124.853,00","67,89","Vereinigtes Königreich","London Stock Exchange","GBP"
"SPSN","SWISS PRIME SITE AG","Immobilien","Aktien","8.476.593,03","0,08","8.476.593,03","63.201,00","134,12","Schweiz","SIX Swiss Exchange","CHF"
"CA","CARREFOUR SA","Nichtzyklische Konsumgüter","Aktien","8.448.655,57","0,08","8.448.655,57","502.597,00","16,81","Frankreich","Nyse Euronext - Euronext Paris","EUR"
"NTGY","NATURGY ENERGY GROUP SA","Versorger","Aktien","8.414.820,48","0,08","8.414.820,48","281.244,00","29,92","Spanien","Bolsa De Madrid","EUR"
"NHY","NORSK HYDRO","Materialien","Aktien","8.315.507,48","0,08","8.315.507,48","1.039.633,00","8,00","Norwegen","Oslo Bors Asa","NOK"
"BKT","BANKINTER SA","Finanzwesen","Aktien","8.309.182,83","0,08","8.309.182,83","495.479,00","16,77","Spanien","Bolsa De Madrid","EUR"
"OMV","OMV","Energie","Aktien","8.286.427,50","0,08","8.286.427,50","114.850,00","72,15","Österreich","Wiener Boerse Ag","EUR"
"CARL B","CARLSBERG AS CL B","Nichtzyklische Konsumgüter","Aktien","8.277.102,42","0,08","8.277.102,42","72.435,00","114,27","Dänemark","Omx Nordic Exchange Copenhagen A/S","DKK"
"AKRBP","AKER BP","Energie","Aktien","8.244.216,43","0,08","8.244.216,43","242.585,00","33,98","Norwegen","Oslo Bors Asa","NOK"
"EVO","EVOLUTION","Zyklische Konsumgüter ","Aktien","8.202.973,33","0,08","8.202.973,33","102.764,00","79,82","Schweden","Nasdaq Omx Nordic","SEK"
"FGR","EIFFAGE SA","Industrie","Aktien","8.169.660,00","0,08","8.169.660,00","75.645,00","108,00","Frankreich","Nyse Euronext - Euronext Paris","EUR"
"SN.","SMITH AND NEPHEW PLC","Gesundheitsversorgung","Aktien","8.145.629,48","0,08","8.145.629,48","676.676,00","12,04","Vereinigtes Königreich","London Stock Exchange","GBP"
"MAERSK B","A P MOLLER MAERSK B","Industrie","Aktien","8.127.182,79","0,08","8.127.182,79","2.674,00","3.039,33","Dänemark","Omx Nordic Exchange Copenhagen A/S","DKK"
"URW","UNIBAIL RODAMCO WE STAPLED UNITS","Immobilien","Aktien","8.102.711,76","0,08","8.102.711,76","85.852,00","94,38","Frankreich","Nyse Euronext - Euronext Paris","EUR"
"TELIA","TELIA COMPANY","Kommunikation","Aktien","7.794.671,29","0,07","7.794.671,29","1.835.123,00","4,25","Schweden","Nasdaq Omx Nordic","SEK"
"BVI","BUREAU VERITAS SA","Industrie","Aktien","7.795.195,83","0,07","7.795.195,83","282.537,00","27,59","Frankreich","Nyse Euronext - Euronext Paris","EUR"
"BNZL","BUNZL","Industrie","Aktien","7.775.201,02","0,07","7.775.201,02","253.538,00","30,67","Vereinigtes Königreich","London Stock Exchange","GBP"
"AGN","AEGON","Finanzwesen","Aktien","7.764.392,00","0,07","7.764.392,00","970.549,00","8,00","Niederlande","Euronext Amsterdam","EUR"
"SMIN","SMITHS GROUP PLC","Industrie","Aktien","7.650.621,54","0,07","7.650.621,54","258.085,00","29,64","Vereinigtes Königreich","London Stock Exchange","GBP"
"MONC","MONCLER","Zyklische Konsumgüter ","Aktien","7.623.379,02","0,07","7.623.379,02","173.298,00","43,99","Italien","Borsa Italiana","EUR"
"G1A","GEA GROUP AG","Industrie","Aktien","7.543.813,50","0,07","7.543.813,50","115.614,00","65,25","Deutschland","Xetra","EUR"
"PZU","PZU SA","Finanzwesen","Aktien","7.484.592,25","0,07","7.484.592,25","441.156,00","16,97","Polen","Warsaw Stock Exchange/Equities/Main Market","PLN"
"AKZA","AKZO NOBEL","Materialien","Aktien","7.475.571,50","0,07","7.475.571,50","132.311,00","56,50","Niederlande","Euronext Amsterdam","EUR"
"SOBI","SWEDISH ORPHAN BIOVITRUM","Gesundheitsversorgung","Aktien","7.439.893,16","0,07","7.439.893,16","188.165,00","39,54","Schweden","Nasdaq Omx Nordic","SEK"
"AC","ACCOR SA","Zyklische Konsumgüter ","Aktien","7.333.816,50","0,07","7.333.816,50","160.302,00","45,75","Frankreich","Nyse Euronext - Euronext Paris","EUR"
"RTO","RENTOKIL INITIAL PLC","Industrie","Aktien","7.325.999,25","0,07","7.325.999,25","1.931.920,00","3,79","Vereinigtes Königreich","London Stock Exchange","GBP"
"IMI","IMI PLC","Industrie","Aktien","7.192.932,42","0,07","7.192.932,42","201.022,00","35,78","Vereinigtes Königreich","London Stock Exchange","GBP"
"ORNBV","ORION CLASS B","Gesundheitsversorgung","Aktien","7.173.524,05","0,07","7.173.524,05","87.857,00","81,65","Finnland","Nasdaq Omx Helsinki Ltd.","EUR"
"STLAM","STELLANTIS","Zyklische Konsumgüter ","Aktien","7.145.319,93","0,07","7.145.319,93","1.610.939,00","4,44","Italien","Borsa Italiana","EUR"
"SVT","SEVERN TRENT PLC","Versorger","Aktien","7.133.619,56","0,07","7.133.619,56","199.494,00","35,76","Vereinigtes Königreich","London Stock Exchange","GBP"
"BEZ","BEAZLEY PLC","Finanzwesen","Aktien","7.114.717,86","0,07","7.114.717,86","468.979,00","15,17","Vereinigtes Königreich","London Stock Exchange","GBP"
"SDLF","STANDARD LIFE PLC","Finanzwesen","Aktien","7.070.556,57","0,07","7.070.556,57","639.221,00","11,06","Vereinigtes Königreich","London Stock Exchange","GBP"
"LISP","CHOCOLADEFABRIKEN LINDT & SPRUENGL","Nichtzyklische Konsumgüter","Aktien","7.054.753,20","0,07","7.054.753,20","769,00","9.173,92","Schweiz","SIX Swiss Exchange","CHF"
"MNG","M&G PLC","Finanzwesen","Aktien","7.046.772,61","0,07","7.046.772,61","1.777.633,00","3,96","Vereinigtes Königreich","London Stock Exchange","GBP"
"ERF","EUROFINS SCIENTIFIC","Gesundheitsversorgung","Aktien","6.937.804,96","0,07","6.937.804,96","90.242,00","76,88","Frankreich","Nyse Euronext - Euronext Paris","EUR"
"PSON","PEARSON PLC","Zyklische Konsumgüter ","Aktien","6.900.709,67","0,07","6.900.709,67","493.235,00","13,99","Vereinigtes Königreich","London Stock Exchange","GBP"
"GALP","GALP ENERGIA SGPS SA CLASS B","Energie","Aktien","6.838.564,95","0,07","6.838.564,95","310.139,00","22,05","Portugal","Nyse Euronext - Euronext Lisbon","EUR"
"ORSTED","ORSTED A/S","Versorger","Aktien","6.768.530,23","0,06","6.768.530,23","372.173,00","18,19","Dänemark","Omx Nordic Exchange Copenhagen A/S","DKK"
"INDU C","INDUSTRIVARDEN SERIES","Finanzwesen","Aktien","6.651.462,87","0,06","6.651.462,87","139.188,00","47,79","Schweden","Nasdaq Omx Nordic","SEK"
"MKS","MARKS AND SPENCER GROUP PLC","Nichtzyklische Konsumgüter","Aktien","6.621.226,51","0,06","6.621.226,51","1.560.457,00","4,24","Vereinigtes Königreich","London Stock Exchange","GBP"
"COLO B","COLOPLAST B","Gesundheitsversorgung","Aktien","6.598.520,37","0,06","6.598.520,37","117.415,00","56,20","Dänemark","Omx Nordic Exchange Copenhagen A/S","DKK"
"MICC","MAGNUM ICE CREAM","Nichtzyklische Konsumgüter","Aktien","6.596.043,20","0,06","6.596.043,20","397.352,00","16,60","Niederlande","Euronext Amsterdam","EUR"
"WEIR","WEIR PLC","Industrie","Aktien","6.576.287,00","0,06","6.576.287,00","211.398,00","31,11","Vereinigtes Königreich","London Stock Exchange","GBP"
"WISE","WISE PLC CLASS A","Finanzwesen","Aktien","6.569.128,95","0,06","6.569.128,95","644.339,00","10,20","Vereinigtes Königreich","London Stock Exchange","GBP"
"CNA","CENTRICA PLC","Versorger","Aktien","6.562.340,13","0,06","6.562.340,13","3.701.648,00","1,77","Vereinigtes Königreich","London Stock Exchange","GBP"
"TEL2 B","TELE2 B","Kommunikation","Aktien","6.557.228,46","0,06","6.557.228,46","426.736,00","15,37","Schweden","Nasdaq Omx Nordic","SEK"
"GTT","GAZTRANSPORT & TECHNIGAZ SA","Energie","Aktien","6.534.195,00","0,06","6.534.195,00","28.785,00","227,00","Frankreich","Nyse Euronext - Euronext Paris","EUR"
"TEL","TELENOR","Kommunikation","Aktien","6.523.385,32","0,06","6.523.385,32","518.208,00","12,59","Norwegen","Oslo Bors Asa","NOK"
"SKA B","SKANSKA B","Industrie","Aktien","6.455.873,39","0,06","6.455.873,39","268.595,00","24,04","Schweden","Nasdaq Omx Nordic","SEK"
"LI","KLEPIERRE REIT SA","Immobilien","Aktien","6.451.474,64","0,06","6.451.474,64","174.742,00","36,92","Frankreich","Nyse Euronext - Euronext Paris","EUR"
"SKF B","SKF B","Industrie","Aktien","6.430.599,31","0,06","6.430.599,31","263.269,00","24,43","Schweden","Nasdaq Omx Nordic","SEK"
"RBI","RAIFFEISEN BANK INTERNATIONAL AG","Finanzwesen","Aktien","6.399.689,05","0,06","6.399.689,05","104.999,00","60,95","Österreich","Wiener Boerse Ag","EUR"
"MOWI","MOWI","Nichtzyklische Konsumgüter","Aktien","6.368.836,95","0,06","6.368.836,95","339.782,00","18,74","Norwegen","Oslo Bors Asa","NOK"
"RXL","REXEL SA","Industrie","Aktien","6.265.001,16","0,06","6.265.001,16","173.162,00","36,18","Frankreich","Nyse Euronext - Euronext Paris","EUR"
"CON","CONTINENTAL AG","Zyklische Konsumgüter ","Aktien","6.210.123,12","0,06","6.210.123,12","87.788,00","70,74","Deutschland","Xetra","EUR"
"QIA","QIAGEN","Gesundheitsversorgung","Aktien","6.209.189,59","0,06","6.209.189,59","160.839,00","38,60","Deutschland","Deutsche Börse AG","EUR"
"BEAN","BELIMO N AG","Industrie","Aktien","6.150.264,87","0,06","6.150.264,87","7.470,00","823,33","Schweiz","SIX Swiss Exchange","CHF"
"TREL B","TRELLEBORG B","Industrie","Aktien","6.123.362,94","0,06","6.123.362,94","152.474,00","40,16","Schweden","Nasdaq Omx Nordic","SEK"
"PNDORA","PANDORA","Zyklische Konsumgüter ","Aktien","6.114.488,27","0,06","6.114.488,27","56.583,00","108,06","Dänemark","Omx Nordic Exchange Copenhagen A/S","DKK"
"HSX","HISCOX LTD","Finanzwesen","Aktien","6.099.225,40","0,06","6.099.225,40","270.864,00","22,52","Vereinigtes Königreich","London Stock Exchange","GBP"
"STB","STOREBRAND","Finanzwesen","Aktien","6.024.995,89","0,06","6.024.995,89","323.994,00","18,60","Norwegen","Oslo Bors Asa","NOK"
"HEIO","HEINEKEN HOLDING NV","Nichtzyklische Konsumgüter","Aktien","6.016.386,75","0,06","6.016.386,75","89.463,00","67,25","Niederlande","Euronext Amsterdam","EUR"
"TEN","TENARIS SA","Energie","Aktien","5.996.150,91","0,06","5.996.150,91","244.641,00","24,51","Italien","Borsa Italiana","EUR"
"FME","FRESENIUS MEDICAL CARE AG","Gesundheitsversorgung","Aktien","5.903.001,00","0,06","5.903.001,00","151.359,00","39,00","Deutschland","Xetra","EUR"
"ACLN","ACCELLERON N AG","Industrie","Aktien","5.887.961,57","0,06","5.887.961,57","75.334,00","78,16","Schweiz","SIX Swiss Exchange","CHF"
"TLX","TALANX AG","Finanzwesen","Aktien","5.830.980,00","0,06","5.830.980,00","47.100,00","123,80","Deutschland","Xetra","EUR"
"SPIE","SPIE SA","Industrie","Aktien","5.826.531,32","0,06","5.826.531,32","132.061,00","44,12","Frankreich","Nyse Euronext - Euronext Paris","EUR"
"TKA","THYSSENKRUPP AG","Materialien","Aktien","5.796.653,73","0,06","5.796.653,73","371.938,00","15,59","Deutschland","Xetra","EUR"
"ADDT B","ADDTECH CLASS B","Industrie","Aktien","5.788.184,68","0,06","5.788.184,68","197.761,00","29,27","Schweden","Nasdaq Omx Nordic","SEK"
"BNR","BRENNTAG","Industrie","Aktien","5.779.907,06","0,06","5.779.907,06","95.033,00","60,82","Deutschland","Xetra","EUR"
"EBP","ERSTE BANK POLSKA SA","Finanzwesen","Aktien","5.708.247,18","0,05","5.708.247,18","32.837,00","173,84","Polen","Warsaw Stock Exchange/Equities/Main Market","PLN"
"EXO","EXOR NV","Finanzwesen","Aktien","5.653.809,00","0,05","5.653.809,00","79.185,00","71,40","Niederlande","Euronext Amsterdam","EUR"
"DHER","DELIVERY HERO","Zyklische Konsumgüter ","Aktien","5.580.755,18","0,05","5.580.755,18","152.438,00","36,61","Deutschland","Xetra","EUR"
"EDEN","EDENRED","Finanzwesen","Aktien","5.501.088,32","0,05","5.501.088,32","188.911,00","29,12","Frankreich","Nyse Euronext - Euronext Paris","EUR"
"HOT","HOCHTIEF AG","Industrie","Aktien","5.487.321,60","0,05","5.487.321,60","13.984,00","392,40","Deutschland","Xetra","EUR"
"SDR","SCHRODERS PLC","Finanzwesen","Aktien","5.451.938,02","0,05","5.451.938,02","798.269,00","6,83","Vereinigtes Königreich","London Stock Exchange","GBP"
"PSPN","PSP SWISS PROPERTY AG","Immobilien","Aktien","5.452.090,23","0,05","5.452.090,23","34.808,00","156,63","Schweiz","SIX Swiss Exchange","CHF"
"YAR","YARA INTERNATIONAL","Materialien","Aktien","5.395.323,46","0,05","5.395.323,46","126.709,00","42,58","Norwegen","Oslo Bors Asa","NOK"
"LTMC","LOTTOMATICA GROUP","Zyklische Konsumgüter ","Aktien","5.383.257,46","0,05","5.383.257,46","195.187,00","27,58","Italien","Borsa Italiana","EUR"
"NKT","NKT","Industrie","Aktien","5.381.036,86","0,05","5.381.036,86","43.183,00","124,61","Dänemark","Omx Nordic Exchange Copenhagen A/S","DKK"
"SBRY","SAINSBURY(J) PLC","Nichtzyklische Konsumgüter","Aktien","5.365.350,15","0,05","5.365.350,15","1.359.454,00","3,95","Vereinigtes Königreich","London Stock Exchange","GBP"
"HM B","HENNES & MAURITZ","Zyklische Konsumgüter ","Aktien","5.356.568,69","0,05","5.356.568,69","367.588,00","14,57","Schweden","Nasdaq Omx Nordic","SEK"
"MRO","MELROSE INDUSTRIES PLC","Industrie","Aktien","5.352.826,18","0,05","5.352.826,18","947.638,00","5,65","Vereinigtes Königreich","London Stock Exchange","GBP"
"SUBC","SUBSEA","Energie","Aktien","5.310.793,63","0,05","5.310.793,63","173.806,00","30,56","Norwegen","Oslo Bors Asa","NOK"
"FRO","FRONTLINE PLC","Energie","Aktien","5.306.667,88","0,05","5.306.667,88","120.875,00","43,90","Norwegen","Oslo Bors Asa","NOK"
"KBX","KNORR BREMSE AG","Industrie","Aktien","5.270.096,30","0,05","5.270.096,30","49.859,00","105,70","Deutschland","Xetra","EUR"
"GAW","GAMES WORKSHOP GROUP PLC","Zyklische Konsumgüter ","Aktien","5.269.488,45","0,05","5.269.488,45","25.523,00","206,46","Vereinigtes Königreich","London Stock Exchange","GBP"
"SECU B","SECURITAS B","Industrie","Aktien","5.260.011,34","0,05","5.260.011,34","386.107,00","13,62","Schweden","Nasdaq Omx Nordic","SEK"
"FRES","FRESNILLO PLC","Materialien","Aktien","5.257.057,53","0,05","5.257.057,53","150.539,00","34,92","Vereinigtes Königreich","London Stock Exchange","GBP"
"BEI","BEIERSDORF AG","Nichtzyklische Konsumgüter","Aktien","5.241.093,76","0,05","5.241.093,76","69.844,00","75,04","Deutschland","Xetra","EUR"
"STJ","ST JAMESS PLACE PLC","Finanzwesen","Aktien","5.200.715,93","0,05","5.200.715,93","401.952,00","12,94","Vereinigtes Königreich","London Stock Exchange","GBP"
"KCR","KONECRANES","Industrie","Aktien","5.134.819,70","0,05","5.134.819,70","174.535,00","29,42","Finnland","Nasdaq Omx Helsinki Ltd.","EUR"
"LIFCO B","LIFCO CLASS B","Industrie","Aktien","5.122.618,01","0,05","5.122.618,01","188.256,00","27,21","Schweden","Nasdaq Omx Nordic","SEK"
"DCC","DCC ENERGY PLC","Energie","Aktien","5.121.948,44","0,05","5.121.948,44","68.951,00","74,28","Vereinigtes Königreich","London Stock Exchange","GBP"
"ALSYDB","AL SYDBANK","Finanzwesen","Aktien","5.094.802,30","0,05","5.094.802,30","54.060,00","94,24","Dänemark","Omx Nordic Exchange Copenhagen A/S","DKK"
"TRYG","TRYG","Finanzwesen","Aktien","5.036.659,84","0,05","5.036.659,84","244.326,00","20,61","Dänemark","Omx Nordic Exchange Copenhagen A/S","DKK"
"LPP","LPP SA","Zyklische Konsumgüter ","Aktien","5.018.438,92","0,05","5.018.438,92","977,00","5.136,59","Polen","Warsaw Stock Exchange/Equities/Main Market","PLN"
"ELI","ELIA GROUP SA","Versorger","Aktien","5.014.078,00","0,05","5.014.078,00","41.099,00","122,00","Belgien","Nyse Euronext - Euronext Brussels","EUR"
"KGF","KINGFISHER PLC","Zyklische Konsumgüter ","Aktien","5.011.658,56","0,05","5.011.658,56","1.393.373,00","3,60","Vereinigtes Königreich","London Stock Exchange","GBP"
"SCA B","SVENSKA CELLULOSA B","Materialien","Aktien","4.996.357,25","0,05","4.996.357,25","465.565,00","10,73","Schweden","Nasdaq Omx Nordic","SEK"
"ORK","ORKLA","Nichtzyklische Konsumgüter","Aktien","4.942.295,05","0,05","4.942.295,05","583.451,00","8,47","Norwegen","Oslo Bors Asa","NOK"
"ICG","ICG PLC","Finanzwesen","Aktien","4.916.627,56","0,05","4.916.627,56","221.664,00","22,18","Vereinigtes Königreich","London Stock Exchange","GBP"
"ABVX","ABIVAX SA","Gesundheitsversorgung","Aktien","4.914.377,60","0,05","4.914.377,60","52.448,00","93,70","Frankreich","Nyse Euronext - Euronext Paris","EUR"
"IDR","INDRA SISTEMAS SA","IT","Aktien","4.910.603,00","0,05","4.910.603,00","78.070,00","62,90","Spanien","Bolsa De Madrid","EUR"
"ABF","ASSOCIATED BRITISH FOODS PLC","Nichtzyklische Konsumgüter","Aktien","4.904.034,52","0,05","4.904.034,52","228.894,00","21,43","Vereinigtes Königreich","London Stock Exchange","GBP"
"RILBA","RINGKJOBING LANDBOBANK","Finanzwesen","Aktien","4.892.276,48","0,05","4.892.276,48","19.715,00","248,15","Dänemark","Omx Nordic Exchange Copenhagen A/S","DKK"
"STERV","STORA ENSO CLASS R","Materialien","Aktien","4.883.345,04","0,05","4.883.345,04","458.961,00","10,64","Finnland","Nasdaq Omx Helsinki Ltd.","EUR"
"KESKOB","KESKO CLASS B","Nichtzyklische Konsumgüter","Aktien","4.823.019,04","0,05","4.823.019,04","213.976,00","22,54","Finnland","Nasdaq Omx Helsinki Ltd.","EUR"
"ACKB","ACKERMANS & VAN HAAREN NV","Industrie","Aktien","4.807.604,00","0,05","4.807.604,00","17.546,00","274,00","Belgien","Nyse Euronext - Euronext Brussels","EUR"
"JYSK","JYSKE BANK","Finanzwesen","Aktien","4.788.165,20","0,05","4.788.165,20","32.246,00","148,49","Dänemark","Omx Nordic Exchange Copenhagen A/S","DKK"
"SPX","SPIRAX GROUP PLC","Industrie","Aktien","4.777.154,59","0,05","4.777.154,59","58.958,00","81,03","Vereinigtes Königreich","London Stock Exchange","GBP"
"AED","AEDIFICA NV","Immobilien","Aktien","4.777.990,95","0,05","4.777.990,95","72.339,00","66,05","Belgien","Nyse Euronext - Euronext Brussels","EUR"
"SSAB B","SSAB CLASS B","Materialien","Aktien","4.738.120,11","0,05","4.738.120,11","488.316,00","9,70","Schweden","Nasdaq Omx Nordic","SEK"
"SRT3","SARTORIUS PREF AG","Gesundheitsversorgung","Aktien","4.681.199,90","0,04","4.681.199,90","18.853,00","248,30","Deutschland","Xetra","EUR"
"BAB","BABCOCK INTERNATIONAL GROUP PLC","Industrie","Aktien","4.667.096,18","0,04","4.667.096,18","394.565,00","11,83","Vereinigtes Königreich","London Stock Exchange","GBP"
"ELISA","ELISA","Kommunikation","Aktien","4.615.803,50","0,04","4.615.803,50","119.891,00","38,50","Finnland","Nasdaq Omx Helsinki Ltd.","EUR"
"RNO","RENAULT SA","Zyklische Konsumgüter ","Aktien","4.586.374,80","0,04","4.586.374,80","158.424,00","28,95","Frankreich","Nyse Euronext - Euronext Paris","EUR"
"SPM","SAIPEM","Energie","Aktien","4.521.394,51","0,04","4.521.394,51","1.043.479,00","4,33","Italien","Borsa Italiana","EUR"
"REC","RECORDATI INDUSTRIA CHIMICA E FARM","Gesundheitsversorgung","Aktien","4.476.417,75","0,04","4.476.417,75","84.861,00","52,75","Italien","Borsa Italiana","EUR"
"IPN","IPSEN SA","Gesundheitsversorgung","Aktien","4.468.032,40","0,04","4.468.032,40","28.678,00","155,80","Frankreich","Nyse Euronext - Euronext Paris","EUR"
"EMSN","EMS-CHEMIE HOLDING AG","Materialien","Aktien","4.465.379,37","0,04","4.465.379,37","5.216,00","856,09","Schweiz","SIX Swiss Exchange","CHF"
"G24","SCOUT24 N","Kommunikation","Aktien","4.434.144,00","0,04","4.434.144,00","59.280,00","74,80","Deutschland","Xetra","EUR"
"INDT","INDUTRADE","Industrie","Aktien","4.412.246,72","0,04","4.412.246,72","200.757,00","21,98","Schweden","Nasdaq Omx Nordic","SEK"
"UHR","THE SWATCH GROUP AG","Zyklische Konsumgüter ","Aktien","4.383.670,09","0,04","4.383.670,09","23.400,00","187,34","Schweiz","SIX Swiss Exchange","CHF"
"AMUN","AMUNDI SA","Finanzwesen","Aktien","4.372.004,25","0,04","4.372.004,25","47.393,00","92,25","Frankreich","Nyse Euronext - Euronext Paris","EUR"
"ALO","ALSTOM SA","Industrie","Aktien","4.346.902,90","0,04","4.346.902,90","276.961,00","15,70","Frankreich","Nyse Euronext - Euronext Paris","EUR"
"GBLB","GROUPE BRUXELLES LAMBERT NV","Finanzwesen","Aktien","4.346.628,00","0,04","4.346.628,00","58.110,00","74,80","Belgien","Nyse Euronext - Euronext Brussels","EUR"
"SYENS","SYENSQO NV","Materialien","Aktien","4.344.322,80","0,04","4.344.322,80","55.554,00","78,20","Belgien","Nyse Euronext - Euronext Brussels","EUR"
"ISS","ISS A S","Industrie","Aktien","4.336.025,59","0,04","4.336.025,59","109.578,00","39,57","Dänemark","Omx Nordic Exchange Copenhagen A/S","DKK"
"NEX","NEXANS SA","Industrie","Aktien","4.306.039,20","0,04","4.306.039,20","31.113,00","138,40","Frankreich","Nyse Euronext - Euronext Paris","EUR"
"BGEO","LION FINANCE GROUP PLC","Finanzwesen","Aktien","4.290.687,89","0,04","4.290.687,89","26.707,00","160,66","Vereinigtes Königreich","London Stock Exchange","GBP"
"IMCD","IMCD NV","Industrie","Aktien","4.284.053,88","0,04","4.284.053,88","44.878,00","95,46","Niederlande","Euronext Amsterdam","EUR"
"DIM","SARTORIUS STEDIM BIOTECH SA","Gesundheitsversorgung","Aktien","4.280.470,80","0,04","4.280.470,80","21.828,00","196,10","Frankreich","Nyse Euronext - Euronext Paris","EUR"
"AM","DASSAULT AVIATION SA","Industrie","Aktien","4.272.243,80","0,04","4.272.243,80","14.641,00","291,80","Frankreich","Nyse Euronext - Euronext Paris","EUR"
"LAND","LAND SECURITIES GROUP REIT PLC","Immobilien","Aktien","4.270.175,36","0,04","4.270.175,36","576.198,00","7,41","Vereinigtes Königreich","London Stock Exchange","GBP"
"GET","GETLINK","Industrie","Aktien","4.242.948,64","0,04","4.242.948,64","227.626,00","18,64","Frankreich","Nyse Euronext - Euronext Paris","EUR"
"NIBE B","NIBE INDUSTRIER CLASS B","Industrie","Aktien","4.202.654,99","0,04","4.202.654,99","1.102.477,00","3,81","Schweden","Nasdaq Omx Nordic","SEK"
"BBY","BALFOUR BEATTY PLC","Industrie","Aktien","4.182.054,71","0,04","4.182.054,71","396.196,00","10,56","Vereinigtes Königreich","London Stock Exchange","GBP"
"IG","ITALGAS","Versorger","Aktien","4.137.288,00","0,04","4.137.288,00","490.200,00","8,44","Italien","Borsa Italiana","EUR"
"IGG","IG GROUP HOLDINGS PLC","Finanzwesen","Aktien","4.133.899,76","0,04","4.133.899,76","270.421,00","15,29","Vereinigtes Königreich","London Stock Exchange","GBP"
"ANDR","ANDRITZ AG","Industrie","Aktien","4.105.324,30","0,04","4.105.324,30","48.469,00","84,70","Österreich","Wiener Boerse Ag","EUR"
"SAVE","NORDNET","Finanzwesen","Aktien","4.087.422,10","0,04","4.087.422,10","135.306,00","30,21","Schweden","Nasdaq Omx Nordic","SEK"
"VOE","VOESTALPINE AG","Materialien","Aktien","4.047.303,88","0,04","4.047.303,88","86.407,00","46,84","Österreich","Wiener Boerse Ag","EUR"
"ZAL","ZALANDO","Zyklische Konsumgüter ","Aktien","4.014.666,20","0,04","4.014.666,20","184.159,00","21,80","Deutschland","Xetra","EUR"
"MRL","MERLIN PROPERTIES REIT","Immobilien","Aktien","3.999.050,00","0,04","3.999.050,00","319.924,00","12,50","Spanien","Bolsa De Madrid","EUR"
"BTRW","BARRATT REDROW PLC","Zyklische Konsumgüter ","Aktien","3.990.367,46","0,04","3.990.367,46","1.092.131,00","3,65","Vereinigtes Königreich","London Stock Exchange","GBP"
"SQN","SWISSQUOTE GROUP HOLDING SA","Finanzwesen","Aktien","3.946.279,95","0,04","3.946.279,95","97.184,00","40,61","Schweiz","SIX Swiss Exchange","CHF"
"JMT","JERONIMO MARTINS SA","Nichtzyklische Konsumgüter","Aktien","3.934.786,38","0,04","3.934.786,38","217.873,00","18,06","Portugal","Nyse Euronext - Euronext Lisbon","EUR"
"GJF","GJENSIDIGE FORSIKRING","Finanzwesen","Aktien","3.929.385,12","0,04","3.929.385,12","151.836,00","25,88","Norwegen","Oslo Bors Asa","NOK"
"P911","DR ING HC F PORSCHE PRF AG","Zyklische Konsumgüter ","Aktien","3.919.497,66","0,04","3.919.497,66","82.377,00","47,58","Deutschland","Xetra","EUR"
"ANA","ACCIONA","Versorger","Aktien","3.905.415,60","0,04","3.905.415,60","18.758,00","208,20","Spanien","Bolsa De Madrid","EUR"
"SCR","SCOR","Finanzwesen","Aktien","3.904.968,60","0,04","3.904.968,60","119.418,00","32,70","Frankreich","Nyse Euronext - Euronext Paris","EUR"
"BMED","BANCA MEDIOLANUM","Finanzwesen","Aktien","3.904.062,29","0,04","3.904.062,29","166.769,00","23,41","Italien","Borsa Italiana","EUR"
"BEIJ B","BEIJER REF CLASS B","Industrie","Aktien","3.878.144,92","0,04","3.878.144,92","314.573,00","12,33","Schweden","Nasdaq Omx Nordic","SEK"
"LOTB","LOTUS BAKERIES NV","Nichtzyklische Konsumgüter","Aktien","3.876.880,00","0,04","3.876.880,00","322,00","12.040,00","Belgien","Nyse Euronext - Euronext Brussels","EUR"
"CTEC","CONVATEC GROUP PLC","Gesundheitsversorgung","Aktien","3.836.232,82","0,04","3.836.232,82","1.509.597,00","2,54","Vereinigtes Königreich","London Stock Exchange","GBP"
"ABDN","ABERDEEN GROUP PLC","Finanzwesen","Aktien","3.834.599,42","0,04","3.834.599,42","1.358.556,00","2,82","Vereinigtes Königreich","London Stock Exchange","GBP"
"AUTO","AUTOTRADER GROUP PLC","Kommunikation","Aktien","3.818.017,55","0,04","3.818.017,55","661.093,00","5,78","Vereinigtes Königreich","London Stock Exchange","GBP"
"SB1NO","SPAREBANK SR-NORGE","Finanzwesen","Aktien","3.818.060,55","0,04","3.818.060,55","180.786,00","21,12","Norwegen","Oslo Bors Asa","NOK"
"PAH3","PORSCHE AUTOMOBIL HOLDING PREF","Zyklische Konsumgüter ","Aktien","3.811.053,56","0,04","3.811.053,56","127.588,00","29,87","Deutschland","Xetra","EUR"
"NDX1","NORDEX","Industrie","Aktien","3.783.847,60","0,04","3.783.847,60","93.892,00","40,30","Deutschland","Xetra","EUR"
"EVK","EVONIK INDUSTRIES AG","Materialien","Aktien","3.775.356,00","0,04","3.775.356,00","215.120,00","17,55","Deutschland","Xetra","EUR"
"MSIFT","CASH COLLATERAL EUR MSIFT","Cash und/oder Derivate","Cash Collateral and Margins","3.770.000,00","0,04","3.770.000,00","3.770.000,00","100,00","Europäische Union","-","EUR"
"SBMO","SBM OFFSHORE","Energie","Aktien","3.764.764,02","0,04","3.764.764,02","102.359,00","36,78","Niederlande","Euronext Amsterdam","EUR"
"SW","SODEXO SA","Zyklische Konsumgüter ","Aktien","3.732.382,80","0,04","3.732.382,80","64.296,00","58,05","Frankreich","Nyse Euronext - Euronext Paris","EUR"
"BLND","BRITISH LAND REIT","Immobilien","Aktien","3.724.957,00","0,04","3.724.957,00","787.287,00","4,73","Vereinigtes Königreich","London Stock Exchange","GBP"
"TPRO","TECHNOPROBE SPA","IT","Aktien","3.667.592,88","0,03","3.667.592,88","126.556,00","28,98","Italien","Borsa Italiana","EUR"
"EMG","MAN GROUP PLC","Finanzwesen","Aktien","3.662.511,60","0,03","3.662.511,60","935.434,00","3,92","Vereinigtes Königreich","London Stock Exchange","GBP"
"LHA","DEUTSCHE LUFTHANSA AG","Industrie","Aktien","3.656.708,23","0,03","3.656.708,23","476.382,00","7,68","Deutschland","Xetra","EUR"
"HWDN","HOWDEN JOINERY GROUP PLC","Industrie","Aktien","3.652.912,06","0,03","3.652.912,06","412.644,00","8,85","Vereinigtes Königreich","London Stock Exchange","GBP"
"CRDA","CRODA INTERNATIONAL PLC","Materialien","Aktien","3.624.849,09","0,03","3.624.849,09","97.199,00","37,29","Vereinigtes Königreich","London Stock Exchange","GBP"
"LMP","LONDONMETRIC PROPERTY REIT PLC","Immobilien","Aktien","3.608.754,44","0,03","3.608.754,44","1.718.881,00","2,10","Vereinigtes Königreich","London Stock Exchange","GBP"
"WDP","WAREHOUSES DE PAUW NV","Immobilien","Aktien","3.604.954,04","0,03","3.604.954,04","171.013,00","21,08","Belgien","Nyse Euronext - Euronext Brussels","EUR"
"WPP","WPP PLC","Kommunikation","Aktien","3.599.909,93","0,03","3.599.909,93","796.474,00","4,52","Vereinigtes Königreich","London Stock Exchange","GBP"
"WTB","WHITBREAD PLC","Zyklische Konsumgüter ","Aktien","3.594.050,76","0,03","3.594.050,76","132.009,00","27,23","Vereinigtes Königreich","London Stock Exchange","GBP"
"UMI","UMICORE SA","Materialien","Aktien","3.546.250,20","0,03","3.546.250,20","159.741,00","22,20","Belgien","Nyse Euronext - Euronext Brussels","EUR"
"GETI B","GETINGE B","Gesundheitsversorgung","Aktien","3.526.422,85","0,03","3.526.422,85","166.569,00","21,17","Schweden","Nasdaq Omx Nordic","SEK"
"HAG","HENSOLDT AG","Industrie","Aktien","3.491.793,68","0,03","3.491.793,68","44.951,00","77,68","Deutschland","Xetra","EUR"
"MBK","MBANK SA","Finanzwesen","Aktien","3.483.721,46","0,03","3.483.721,46","10.570,00","329,59","Polen","Warsaw Stock Exchange/Equities/Main Market","PLN"
"GALE","GALENICA AG","Gesundheitsversorgung","Aktien","3.480.600,65","0,03","3.480.600,65","39.725,00","87,62","Schweiz","SIX Swiss Exchange","CHF"
"NDA","AURUBIS AG","Materialien","Aktien","3.478.049,40","0,03","3.478.049,40","20.629,00","168,60","Deutschland","Xetra","EUR"
"RMV","RIGHTMOVE PLC","Kommunikation","Aktien","3.452.811,83","0,03","3.452.811,83","597.737,00","5,78","Vereinigtes Königreich","London Stock Exchange","GBP"
"AZA","AVANZA BANK HOLDING","Finanzwesen","Aktien","3.449.348,84","0,03","3.449.348,84","99.695,00","34,60","Schweden","Nasdaq Omx Nordic","SEK"
"VAR","VAR ENERGI","Energie","Aktien","3.431.716,72","0,03","3.431.716,72","692.457,00","4,96","Norwegen","Oslo Bors Asa","NOK"
"ROR","ROTORK PLC","Industrie","Aktien","3.397.025,59","0,03","3.397.025,59","603.006,00","5,63","Vereinigtes Königreich","London Stock Exchange","GBP"
"RED","REDEIA CORPORACION SA","Versorger","Aktien","3.369.129,21","0,03","3.369.129,21","223.269,00","15,09","Spanien","Bolsa De Madrid","EUR"
"PSN","PERSIMMON PLC","Zyklische Konsumgüter ","Aktien","3.332.102,47","0,03","3.332.102,47","244.358,00","13,64","Vereinigtes Königreich","London Stock Exchange","GBP"
"AVOL","AVOLTA AG","Zyklische Konsumgüter ","Aktien","3.293.137,72","0,03","3.293.137,72","73.073,00","45,07","Schweiz","SIX Swiss Exchange","CHF"
"BRBY","BURBERRY GROUP PLC","Zyklische Konsumgüter ","Aktien","3.286.177,03","0,03","3.286.177,03","278.916,00","11,78","Vereinigtes Königreich","London Stock Exchange","GBP"
"UNI","UNICAJA BANCO SA","Finanzwesen","Aktien","3.272.674,28","0,03","3.272.674,28","890.766,00","3,67","Spanien","Bolsa De Madrid","EUR"
"SOF","SOFINA SA","Finanzwesen","Aktien","3.273.379,20","0,03","3.273.379,20","13.104,00","249,80","Belgien","Nyse Euronext - Euronext Brussels","EUR"
"ADEN","ADECCO GROUP AG","Industrie","Aktien","3.263.360,98","0,03","3.263.360,98","126.233,00","25,85","Schweiz","SIX Swiss Exchange","CHF"
"VALMT","VALMET CORP","Industrie","Aktien","3.260.853,96","0,03","3.260.853,96","114.738,00","28,42","Finnland","Nasdaq Omx Helsinki Ltd.","EUR"
"GF","GEORG FISCHER AG","Industrie","Aktien","3.251.463,75","0,03","3.251.463,75","56.190,00","57,87","Schweiz","SIX Swiss Exchange","CHF"
"FHZN","FLUGHAFEN ZUERICH AG","Industrie","Aktien","3.232.095,65","0,03","3.232.095,65","15.154,00","213,28","Schweiz","SIX Swiss Exchange","CHF"
"INVP","INVESTEC PLC","Finanzwesen","Aktien","3.225.417,51","0,03","3.225.417,51","419.750,00","7,68","Vereinigtes Königreich","London Stock Exchange","GBP"
"AZM","AZIMUT HOLDING","Finanzwesen","Aktien","3.215.606,52","0,03","3.215.606,52","81.449,00","39,48","Italien","Borsa Italiana","EUR"
"CAST","CASTELLUM","Immobilien","Aktien","3.205.430,37","0,03","3.205.430,37","284.798,00","11,26","Schweden","Nasdaq Omx Nordic","SEK"
"SOI","SOITEC SA","IT","Aktien","3.201.003,00","0,03","3.201.003,00","22.590,00","141,70","Frankreich","Nyse Euronext - Euronext Paris","EUR"
"ATS","AT & S AUSTRIA TECHNOLOGIE & SYSTE","IT","Aktien","3.198.201,60","0,03","3.198.201,60","19.128,00","167,20","Österreich","Wiener Boerse Ag","EUR"
"VER","VERBUND AG","Versorger","Aktien","3.189.848,75","0,03","3.189.848,75","51.325,00","62,15","Österreich","Wiener Boerse Ag","EUR"
"MAP","MAPFRE SA","Finanzwesen","Aktien","3.185.924,03","0,03","3.185.924,03","700.511,00","4,55","Spanien","Bolsa De Madrid","EUR"
"BARN","BARRY CALLEBAUT AG","Nichtzyklische Konsumgüter","Aktien","3.185.184,74","0,03","3.185.184,74","2.686,00","1.185,85","Schweiz","SIX Swiss Exchange","CHF"
"LUND B","LUNDBERGFORETAGEN CLASS B","Finanzwesen","Aktien","3.180.161,63","0,03","3.180.161,63","60.876,00","52,24","Schweden","Nasdaq Omx Nordic","SEK"
"MYCR","MYCRONIC","IT","Aktien","3.163.222,03","0,03","3.163.222,03","112.154,00","28,20","Schweden","Nasdaq Omx Nordic","SEK"
"DIE","DIETEREN (D) SA","Zyklische Konsumgüter ","Aktien","3.161.431,20","0,03","3.161.431,20","18.553,00","170,40","Belgien","Nyse Euronext - Euronext Brussels","EUR"
"ZEG","ZEGONA COMMUNICATIONS PLC","Kommunikation","Aktien","3.152.711,60","0,03","3.152.711,60","145.027,00","21,74","Vereinigtes Königreich","London Stock Exchange","GBP"
"AKE","ARKEMA SA","Materialien","Aktien","3.124.286,20","0,03","3.124.286,20","54.764,00","57,05","Frankreich","Nyse Euronext - Euronext Paris","EUR"
"ZAB","ZABKA GROUP SOCIETE ANONYME SA","Nichtzyklische Konsumgüter","Aktien","3.114.255,17","0,03","3.114.255,17","430.481,00","7,23","Polen","Warsaw Stock Exchange/Equities/Main Market","PLN"
"SECT B","SECTRA CLASS B","Gesundheitsversorgung","Aktien","3.100.641,72","0,03","3.100.641,72","115.990,00","26,73","Schweden","Nasdaq Omx Nordic","SEK"
"BCVN","BC VAUD N","Finanzwesen","Aktien","3.101.450,94","0,03","3.101.450,94","23.345,00","132,85","Schweiz","SIX Swiss Exchange","CHF"
"SIGN","SIG GROUP N AG","Materialien","Aktien","3.071.575,95","0,03","3.071.575,95","220.000,00","13,96","Schweiz","SIX Swiss Exchange","CHF"
"CCC","COMPUTACENTER PLC","IT","Aktien","3.069.404,02","0,03","3.069.404,02","49.077,00","62,54","Vereinigtes Königreich","London Stock Exchange","GBP"
"EDPR","EDP RENEWABLES SA","Versorger","Aktien","3.066.069,96","0,03","3.066.069,96","239.724,00","12,79","Portugal","Nyse Euronext - Euronext Lisbon","EUR"
"INPST","INPOST SA","Industrie","Aktien","3.047.068,12","0,03","3.047.068,12","195.827,00","15,56","Niederlande","Euronext Amsterdam","EUR"
"DNP","DINO POLSKA","Nichtzyklische Konsumgüter","Aktien","3.021.576,68","0,03","3.021.576,68","364.176,00","8,30","Polen","Warsaw Stock Exchange/Equities/Main Market","PLN"
"A2A","A2A","Versorger","Aktien","3.015.407,15","0,03","3.015.407,15","1.265.914,00","2,38","Italien","Borsa Italiana","EUR"
"NEM","NEMETSCHEK","IT","Aktien","3.004.493,55","0,03","3.004.493,55","48.973,00","61,35","Deutschland","Xetra","EUR"
"BKG","BERKELEY GROUP HOLDINGS (THE)","Zyklische Konsumgüter ","Aktien","3.003.758,68","0,03","3.003.758,68","76.901,00","39,06","Vereinigtes Königreich","London Stock Exchange","GBP"
"LEG","LEG IMMOBILIEN N","Immobilien","Aktien","3.002.059,80","0,03","3.002.059,80","63.738,00","47,10","Deutschland","Xetra","EUR"
"ELIS","ELIS SA","Industrie","Aktien","2.998.794,00","0,03","2.998.794,00","132.690,00","22,60","Frankreich","Nyse Euronext - Euronext Paris","EUR"
"AALB","AALBERTS","Industrie","Aktien","2.995.291,00","0,03","2.995.291,00","73.450,00","40,78","Niederlande","Euronext Amsterdam","EUR"
"AYV","AYVENS SA","Industrie","Aktien","2.990.492,16","0,03","2.990.492,16","281.856,00","10,61","Frankreich","Nyse Euronext - Euronext Paris","EUR"
"AIXA","AIXTRON","IT","Aktien","2.982.372,96","0,03","2.982.372,96","87.306,00","34,16","Deutschland","Xetra","EUR"
"SALM","SALMAR","Nichtzyklische Konsumgüter","Aktien","2.979.561,30","0,03","2.979.561,30","57.311,00","51,99","Norwegen","Oslo Bors Asa","NOK"
"TE","TECHNIP ENERGIES","Energie","Aktien","2.976.125,46","0,03","2.976.125,46","100.749,00","29,54","Frankreich","Nyse Euronext - Euronext Paris","EUR"
"ENG","ENAGAS SA","Versorger","Aktien","2.966.257,46","0,03","2.966.257,46","176.353,00","16,82","Spanien","Bolsa De Madrid","EUR"
"FLS","FLSMIDTH AND CO CLASS B","Industrie","Aktien","2.936.087,87","0,03","2.936.087,87","38.304,00","76,65","Dänemark","Omx Nordic Exchange Copenhagen A/S","DKK"
"INCH","INCHCAPE PLC","Zyklische Konsumgüter ","Aktien","2.920.847,68","0,03","2.920.847,68","307.158,00","9,51","Vereinigtes Königreich","London Stock Exchange","GBP"
"BGN","BANCA GENERALI","Finanzwesen","Aktien","2.901.294,00","0,03","2.901.294,00","43.959,00","66,00","Italien","Borsa Italiana","EUR"
"RS1","RS GROUP PLC","Industrie","Aktien","2.894.476,41","0,03","2.894.476,41","337.152,00","8,59","Vereinigtes Königreich","London Stock Exchange","GBP"
"TEMN","TEMENOS AG","IT","Aktien","2.893.253,65","0,03","2.893.253,65","40.797,00","70,92","Schweiz","SIX Swiss Exchange","CHF"
"RAND","RANDSTAD HOLDING","Industrie","Aktien","2.887.466,40","0,03","2.887.466,40","79.326,00","36,40","Niederlande","Euronext Amsterdam","EUR"
"MNDI","MONDI PLC","Materialien","Aktien","2.876.910,54","0,03","2.876.910,54","289.920,00","9,92","Vereinigtes Königreich","London Stock Exchange","GBP"
"VEND","VEND MARKETPLACES ASA","Kommunikation","Aktien","2.859.483,76","0,03","2.859.483,76","130.102,00","21,98","Norwegen","Oslo Bors Asa","NOK"
"DEMANT","DEMANT","Gesundheitsversorgung","Aktien","2.849.103,16","0,03","2.849.103,16","71.183,00","40,03","Dänemark","Omx Nordic Exchange Copenhagen A/S","DKK"
"BBOX","TRITAX BIG BOX REIT PLC","Immobilien","Aktien","2.843.867,66","0,03","2.843.867,66","1.642.937,00","1,73","Vereinigtes Königreich","London Stock Exchange","GBP"
"GFC","GECINA SA","Immobilien","Aktien","2.817.612,90","0,03","2.817.612,90","42.402,00","66,45","Frankreich","Nyse Euronext - Euronext Paris","EUR"
"TEP","TELEPERFORMANCE","Industrie","Aktien","2.802.139,16","0,03","2.802.139,16","40.042,00","69,98","Frankreich","Nyse Euronext - Euronext Paris","EUR"
"TUB","FINANCIERE DE TUBIZE SA","Gesundheitsversorgung","Aktien","2.798.976,00","0,03","2.798.976,00","15.760,00","177,60","Belgien","Nyse Euronext - Euronext Brussels","EUR"
"LAGR B","LAGERCRANTZ GROUP CLASS B","IT","Aktien","2.792.737,43","0,03","2.792.737,43","144.043,00","19,39","Schweden","Nasdaq Omx Nordic","SEK"
"GL9","GLANBIA PLC","Nichtzyklische Konsumgüter","Aktien","2.790.797,90","0,03","2.790.797,90","140.030,00","19,93","Irland","Irish Stock Exchange - All Market","EUR"
"DRX","DRAX GROUP PLC","Versorger","Aktien","2.767.758,70","0,03","2.767.758,70","284.452,00","9,73","Vereinigtes Königreich","London Stock Exchange","GBP"
"CDR","CD PROJEKT RED","Kommunikation","Aktien","2.765.390,36","0,03","2.765.390,36","50.329,00","54,95","Polen","Warsaw Stock Exchange/Equities/Main Market","PLN"
"KBCA","KBC ANCORA NV","Finanzwesen","Aktien","2.760.133,60","0,03","2.760.133,60","28.993,00","95,20","Belgien","Nyse Euronext - Euronext Brussels","EUR"
"AKER","AKER","Industrie","Aktien","2.756.610,89","0,03","2.756.610,89","18.758,00","146,96","Norwegen","Oslo Bors Asa","NOK"
"MANTA","MANDATUM","Finanzwesen","Aktien","2.730.211,36","0,03","2.730.211,36","436.136,00","6,26","Finnland","Nasdaq Omx Helsinki Ltd.","EUR"
"ENT","ENTAIN PLC","Zyklische Konsumgüter ","Aktien","2.702.382,23","0,03","2.702.382,23","462.520,00","5,84","Vereinigtes Königreich","London Stock Exchange","GBP"
"OCTV SDB","OCTAVE INTELLIGENCE SDR PLC","IT","Aktien","2.690.156,60","0,03","2.690.156,60","167.437,00","16,07","Schweden","Nasdaq Omx Nordic","SEK"
"ALLN","ALLREAL HOLDING AG","Immobilien","Aktien","2.685.994,56","0,03","2.685.994,56","12.953,00","207,36","Schweiz","SIX Swiss Exchange","CHF"
"VK","VALLOUREC SA","Energie","Aktien","2.674.108,45","0,03","2.674.108,45","140.410,00","19,05","Frankreich","Nyse Euronext - Euronext Paris","EUR"
"BIM","BIOMERIEUX SA","Gesundheitsversorgung","Aktien","2.668.925,70","0,03","2.668.925,70","37.017,00","72,10","Frankreich","Nyse Euronext - Euronext Paris","EUR"
"CPR","DAVIDE CAMPARI MILANO NV","Nichtzyklische Konsumgüter","Aktien","2.660.237,42","0,03","2.660.237,42","448.758,00","5,93","Italien","Borsa Italiana","EUR"
"ALK B","ALK-ABELLO CLASS B","Gesundheitsversorgung","Aktien","2.644.976,66","0,03","2.644.976,66","99.357,00","26,62","Dänemark","Omx Nordic Exchange Copenhagen A/S","DKK"
"JMAT","JOHNSON MATTHEY PLC","Materialien","Aktien","2.641.426,66","0,03","2.641.426,66","95.954,00","27,53","Vereinigtes Königreich","London Stock Exchange","GBP"
"ING","ING BANK SLASKI SA","Finanzwesen","Aktien","2.632.735,44","0,03","2.632.735,44","25.468,00","103,37","Polen","Warsaw Stock Exchange/Equities/Main Market","PLN"
"SRP","SERCO GROUP PLC","Industrie","Aktien","2.617.579,16","0,02","2.617.579,16","863.373,00","3,03","Vereinigtes Königreich","London Stock Exchange","GBP"
"CVC","CVC CAPITAL PARTNERS PLC","Finanzwesen","Aktien","2.616.009,42","0,02","2.616.009,42","200.307,00","13,06","Niederlande","Euronext Amsterdam","EUR"
"LOOMIS","LOOMIS CLASS B","Industrie","Aktien","2.613.377,96","0,02","2.613.377,96","53.428,00","48,91","Schweden","Nasdaq Omx Nordic","SEK"
"R3NK","RENK GROUP AG","Industrie","Aktien","2.589.423,76","0,02","2.589.423,76","64.679,00","40,03","Deutschland","Xetra","EUR"
"BFT","BENEFIT SYSTEMS","Industrie","Aktien","2.582.773,78","0,02","2.582.773,78","2.213,00","1.167,09","Polen","Warsaw Stock Exchange/Equities/Main Market","PLN"
"TW.","TAYLOR WIMPEY PLC","Zyklische Konsumgüter ","Aktien","2.550.122,21","0,02","2.550.122,21","2.708.878,00","0,94","Vereinigtes Königreich","London Stock Exchange","GBP"
"EVD","CTS EVENTIM AG","Kommunikation","Aktien","2.544.214,35","0,02","2.544.214,35","45.473,00","55,95","Deutschland","Xetra","EUR"
"FR","VALEO","Zyklische Konsumgüter ","Aktien","2.530.271,52","0,02","2.530.271,52","163.296,00","15,49","Frankreich","Nyse Euronext - Euronext Paris","EUR"
"SAGA B","SAGAX CLASS B","Immobilien","Aktien","2.513.230,70","0,02","2.513.230,70","169.679,00","14,81","Schweden","Nasdaq Omx Nordic","SEK"
"BZU","BUZZI","Materialien","Aktien","2.487.410,55","0,02","2.487.410,55","65.235,00","38,13","Italien","Borsa Italiana","EUR"
"AAK","AAK","Nichtzyklische Konsumgüter","Aktien","2.482.733,46","0,02","2.482.733,46","141.950,00","17,49","Schweden","Nasdaq Omx Nordic","SEK"
"ARCAD","ARCADIS NV","Industrie","Aktien","2.483.136,60","0,02","2.483.136,60","57.855,00","42,92","Niederlande","Euronext Amsterdam","EUR"
"FNTN","FREENET AG","Kommunikation","Aktien","2.453.098,30","0,02","2.453.098,30","97.733,00","25,10","Deutschland","Xetra","EUR"
"MIL","BANK MILLENNIUM SA","Finanzwesen","Aktien","2.445.814,19","0,02","2.445.814,19","474.038,00","5,16","Polen","Warsaw Stock Exchange/Equities/Main Market","PLN"
"RUI","RUBIS","Versorger","Aktien","2.442.812,20","0,02","2.442.812,20","67.481,00","36,20","Frankreich","Nyse Euronext - Euronext Paris","EUR"
"HER","HERA","Versorger","Aktien","2.436.278,40","0,02","2.436.278,40","656.325,00","3,71","Italien","Borsa Italiana","EUR"
"KGX","KION GROUP AG","Industrie","Aktien","2.411.758,03","0,02","2.411.758,03","57.739,00","41,77","Deutschland","Xetra","EUR"
"PIRC","PIRELLI & C","Zyklische Konsumgüter ","Aktien","2.392.900,28","0,02","2.392.900,28","374.183,00","6,39","Italien","Borsa Italiana","EUR"
"HUH1V","HUHTAMAKI","Materialien","Aktien","2.374.231,20","0,02","2.374.231,20","77.640,00","30,58","Finnland","Nasdaq Omx Helsinki Ltd.","EUR"
"ACP","ASSECO POLAND SA","IT","Aktien","2.372.486,72","0,02","2.372.486,72","45.698,00","51,92","Polen","Warsaw Stock Exchange/Equities/Main Market","PLN"
"RAA","RATIONAL AG","Industrie","Aktien","2.362.479,00","0,02","2.362.479,00","4.123,00","573,00","Deutschland","Xetra","EUR"
"ITV","ITV PLC","Kommunikation","Aktien","2.356.742,80","0,02","2.356.742,80","2.912.790,00","0,81","Vereinigtes Königreich","London Stock Exchange","GBP"
"QQ.","QINETIQ GROUP PLC","Industrie","Aktien","2.350.304,06","0,02","2.350.304,06","408.437,00","5,75","Vereinigtes Königreich","London Stock Exchange","GBP"
"SFZN","SIEGFRIED HOLDING AG","Gesundheitsversorgung","Aktien","2.338.161,36","0,02","2.338.161,36","29.815,00","78,42","Schweiz","SIX Swiss Exchange","CHF"
"IP","INTERPUMP GROUP","Industrie","Aktien","2.336.820,48","0,02","2.336.820,48","66.996,00","34,88","Italien","Borsa Italiana","EUR"
"HUBN","HUBER & SUHNER AG","Industrie","Aktien","2.335.072,03","0,02","2.335.072,03","12.875,00","181,36","Schweiz","SIX Swiss Exchange","CHF"
"CWK","CRANSWICK PLC","Nichtzyklische Konsumgüter","Aktien","2.327.772,04","0,02","2.327.772,04","39.109,00","59,52","Vereinigtes Königreich","London Stock Exchange","GBP"
"BALD B","FASTIGHETS BALDER CLASS B","Immobilien","Aktien","2.318.257,15","0,02","2.318.257,15","517.381,00","4,48","Schweden","Nasdaq Omx Nordic","SEK"
"TCAP","TP ICAP GROUP PLC","Finanzwesen","Aktien","2.302.976,20","0,02","2.302.976,20","606.568,00","3,80","Vereinigtes Königreich","London Stock Exchange","GBP"
"GRF","GRIFOLS CLASS A","Gesundheitsversorgung","Aktien","2.297.019,59","0,02","2.297.019,59","236.611,00","9,71","Spanien","Bolsa De Madrid","EUR"
"AAF","AIRTEL AFRICA PLC","Kommunikation","Aktien","2.279.683,88","0,02","2.279.683,88","549.920,00","4,15","Vereinigtes Königreich","London Stock Exchange","GBP"
"PLUS","PLUS500","Finanzwesen","Aktien","2.274.210,40","0,02","2.274.210,40","55.767,00","40,78","Vereinigtes Königreich","London Stock Exchange","GBP"
"ACX","ACERINOX","Materialien","Aktien","2.270.776,85","0,02","2.270.776,85","128.365,00","17,69","Spanien","Bolsa De Madrid","EUR"
"BAMNB","BAM GROEP KONINKLIJKE NV","Industrie","Aktien","2.254.660,50","0,02","2.254.660,50","191.886,00","11,75","Niederlande","Euronext Amsterdam","EUR"
"ADP","AEROPORTS DE PARIS SA","Industrie","Aktien","2.251.503,10","0,02","2.251.503,10","20.713,00","108,70","Frankreich","Nyse Euronext - Euronext Paris","EUR"
"TUI1","TUI N AG","Zyklische Konsumgüter ","Aktien","2.233.197,26","0,02","2.233.197,26","337.647,00","6,61","Vereinigtes Königreich","Xetra","EUR"
"BC8","BECHTLE AG","IT","Aktien","2.191.222,88","0,02","2.191.222,88","65.527,00","33,44","Deutschland","Xetra","EUR"
"VSURE","VERISURE PLC","Industrie","Aktien","2.188.999,95","0,02","2.188.999,95","244.581,00","8,95","Schweden","Nasdaq Omx Nordic","EUR"
"SBNOR","SPAREBANKEN NORGE","Finanzwesen","Aktien","2.184.141,98","0,02","2.184.141,98","111.944,00","19,51","Norwegen","Oslo Bors Asa","NOK"
"NOD","NORDIC SEMICONDUCTOR","IT","Aktien","2.178.473,48","0,02","2.178.473,48","132.416,00","16,45","Norwegen","Oslo Bors Asa","NOK"
"BC","BRUNELLO CUCINELLI","Zyklische Konsumgüter ","Aktien","2.175.558,00","0,02","2.175.558,00","27.700,00","78,54","Italien","Borsa Italiana","EUR"
"SUNN","SUNRISE N CLASS A LTD","Kommunikation","Aktien","2.170.459,04","0,02","2.170.459,04","49.247,00","44,07","Schweiz","SIX Swiss Exchange","CHF"
"HIK","HIKMA PHARMACEUTICALS PLC","Gesundheitsversorgung","Aktien","2.162.210,38","0,02","2.162.210,38","116.539,00","18,55","Vereinigtes Königreich","London Stock Exchange","GBP"
"TBCG","TBC BANK GROUP PLC","Finanzwesen","Aktien","2.140.181,15","0,02","2.140.181,15","35.644,00","60,04","Vereinigtes Königreich","London Stock Exchange","GBP"
"REY","REPLY","IT","Aktien","2.135.523,60","0,02","2.135.523,60","18.378,00","116,20","Italien","Borsa Italiana","EUR"
"NEXI","NEXI","Finanzwesen","Aktien","2.134.478,93","0,02","2.134.478,93","508.815,00","4,20","Italien","Borsa Italiana","EUR"
"PNN","PENNON GROUP PLC","Versorger","Aktien","2.128.830,20","0,02","2.128.830,20","395.860,00","5,38","Vereinigtes Königreich","London Stock Exchange","GBP"
"MTO","MITIE GROUP PLC","Industrie","Aktien","2.125.876,09","0,02","2.125.876,09","868.332,00","2,45","Vereinigtes Königreich","London Stock Exchange","GBP"
"IFCN","INFICON HOLDING AG","IT","Aktien","2.113.787,93","0,02","2.113.787,93","12.300,00","171,85","Schweiz","SIX Swiss Exchange","CHF"
"BKW","BKW N AG","Versorger","Aktien","2.106.382,73","0,02","2.106.382,73","15.855,00","132,85","Schweiz","SIX Swiss Exchange","CHF"
"BWY","BELLWAY PLC","Zyklische Konsumgüter ","Aktien","2.100.100,78","0,02","2.100.100,78","85.699,00","24,51","Vereinigtes Königreich","London Stock Exchange","GBP"
"ALLFG","ALLFUNDS GROUP PLC","Finanzwesen","Aktien","2.072.026,95","0,02","2.072.026,95","225.834,00","9,18","Niederlande","Euronext Amsterdam","EUR"
"BOL","BOLLORE","Energie","Aktien","2.051.477,85","0,02","2.051.477,85","557.164,00","3,68","Frankreich","Nyse Euronext - Euronext Paris","EUR"
"TGS","TGS NOPEC GEOPHYSICAL","Energie","Aktien","2.050.213,83","0,02","2.050.213,83","153.511,00","13,36","Norwegen","Oslo Bors Asa","NOK"
"SDF","K+S N AG","Materialien","Aktien","2.046.941,81","0,02","2.046.941,81","123.533,00","16,57","Deutschland","Xetra","EUR"
"IVG","IVECO GROUP NV","Industrie","Aktien","2.044.048,80","0,02","2.044.048,80","144.968,00","14,10","Italien","Borsa Italiana","EUR"
"VPK","KONINKLIJKE VOPAK","Energie","Aktien","2.038.977,22","0,02","2.038.977,22","42.461,00","48,02","Niederlande","Euronext Amsterdam","EUR"
"UTG","UNITE GROUP PLC","Immobilien","Aktien","2.039.338,62","0,02","2.039.338,62","370.411,00","5,51","Vereinigtes Königreich","London Stock Exchange","GBP"
"VZN","VZ HOLDING AG","Finanzwesen","Aktien","2.038.791,67","0,02","2.038.791,67","11.748,00","173,54","Schweiz","SIX Swiss Exchange","CHF"
"SUN","SULZER AG","Industrie","Aktien","2.021.519,95","0,02","2.021.519,95","12.941,00","156,21","Schweiz","SIX Swiss Exchange","CHF"
"DLG","DELONGHI","Zyklische Konsumgüter ","Aktien","2.010.826,50","0,02","2.010.826,50","50.907,00","39,50","Italien","Borsa Italiana","EUR"
"FDJU","FDJ UNITED","Zyklische Konsumgüter ","Aktien","2.000.532,12","0,02","2.000.532,12","90.236,00","22,17","Frankreich","Nyse Euronext - Euronext Paris","EUR"
"MOBN","MOBIMO HOLDING AG","Immobilien","Aktien","1.995.287,79","0,02","1.995.287,79","5.512,00","361,99","Schweiz","SIX Swiss Exchange","CHF"
"COTN","COMET HOLDING AG","IT","Aktien","1.989.834,16","0,02","1.989.834,16","5.620,00","354,06","Schweiz","SIX Swiss Exchange","CHF"
"AG1","AUTO1 GROUP","Zyklische Konsumgüter ","Aktien","1.981.610,82","0,02","1.981.610,82","106.883,00","18,54","Deutschland","Xetra","EUR"
"LATO B","LATOUR INVESTMENT CLASS B","Industrie","Aktien","1.977.420,74","0,02","1.977.420,74","107.240,00","18,44","Schweden","Nasdaq Omx Nordic","SEK"
"FPE3","FUCHS PREF","Materialien","Aktien","1.975.528,80","0,02","1.975.528,80","47.880,00","41,26","Deutschland","Xetra","EUR"
"COV","COVIVIO SA","Immobilien","Aktien","1.962.289,04","0,02","1.962.289,04","40.813,00","48,08","Frankreich","Nyse Euronext - Euronext Paris","EUR"
"VATN","VALIANT HOLDING AG","Finanzwesen","Aktien","1.958.954,37","0,02","1.958.954,37","12.291,00","159,38","Schweiz","SIX Swiss Exchange","CHF"
"RBREW","ROYAL UNIBREW","Nichtzyklische Konsumgüter","Aktien","1.955.470,23","0,02","1.955.470,23","34.954,00","55,94","Dänemark","Omx Nordic Exchange Copenhagen A/S","DKK"
"FTK","FLATEXDEGIRO N","Finanzwesen","Aktien","1.948.620,00","0,02","1.948.620,00","64.954,00","30,00","Deutschland","Xetra","EUR"
"KMAR","KONGSBERG MARITIME","Industrie","Aktien","1.938.741,56","0,02","1.938.741,56","346.486,00","5,60","Norwegen","Oslo Bors Asa","NOK"
"CMBN","CEMBRA MONEY BANK AG","Finanzwesen","Aktien","1.934.574,12","0,02","1.934.574,12","20.991,00","92,16","Schweiz","SIX Swiss Exchange","CHF"
"SCYR","SACYR","Industrie","Aktien","1.924.774,06","0,02","1.924.774,06","461.798,00","4,17","Spanien","Bolsa De Madrid","EUR"
"SWEC B","SWECO CLASS B","Industrie","Aktien","1.917.008,67","0,02","1.917.008,67","168.728,00","11,36","Schweden","Nasdaq Omx Nordic","SEK"
"CSG","CSG CLASS A NV","Industrie","Aktien","1.879.263,04","0,02","1.879.263,04","116.826,00","16,09","Niederlande","Euronext Amsterdam","EUR"
"USD","USD CASH","Cash und/oder Derivate","Geldmarkt","1.877.417,23","0,02","1.877.417,23","2.156.401,00","87,06","Vereinigte Staaten","-","USD"
"HOLM B","HOLMEN CLASS B","Materialien","Aktien","1.876.401,12","0,02","1.876.401,12","65.056,00","28,84","Schweden","Nasdaq Omx Nordic","SEK"
"VIS","VISCOFAN SA","Nichtzyklische Konsumgüter","Aktien","1.870.357,10","0,02","1.870.357,10","34.193,00","54,70","Spanien","Bolsa De Madrid","EUR"
"HIAB","HIAB CORPORATION CLASS B","Industrie","Aktien","1.851.534,45","0,02","1.851.534,45","29.181,00","63,45","Finnland","Nasdaq Omx Helsinki Ltd.","EUR"
"PHP","PRIMARY HEALTH PROPERTIES REIT PLC","Immobilien","Aktien","1.835.876,78","0,02","1.835.876,78","1.681.838,00","1,09","Vereinigtes Königreich","London Stock Exchange","GBP"
"QLT","QUILTER PLC","Finanzwesen","Aktien","1.833.520,18","0,02","1.833.520,18","854.398,00","2,15","Vereinigtes Königreich","London Stock Exchange","GBP"
"SHC","SHAFTESBURY CAPITAL PLC","Immobilien","Aktien","1.830.698,53","0,02","1.830.698,53","1.134.576,00","1,61","Vereinigtes Königreich","London Stock Exchange","GBP"
"SFSN","SFS GROUP AG","Industrie","Aktien","1.823.293,49","0,02","1.823.293,49","13.010,00","140,15","Schweiz","SIX Swiss Exchange","CHF"
"TEG","TAG IMMOBILIEN AG","Immobilien","Aktien","1.821.883,33","0,02","1.821.883,33","158.839,00","11,47","Deutschland","Xetra","EUR"
"TOM","TOMRA SYSTEMS","Industrie","Aktien","1.820.630,05","0,02","1.820.630,05","214.813,00","8,48","Norwegen","Oslo Bors Asa","NOK"
"ZEAL","ZEALAND PHARMA","Gesundheitsversorgung","Aktien","1.811.845,26","0,02","1.811.845,26","47.876,00","37,84","Dänemark","Omx Nordic Exchange Copenhagen A/S","DKK"
"BPT","BRIDGEPOINT GROUP PLC","Finanzwesen","Aktien","1.799.611,33","0,02","1.799.611,33","511.245,00","3,52","Vereinigtes Königreich","London Stock Exchange","GBP"
"PAF","PAN AFRICAN RESOURCES PLC","Materialien","Aktien","1.789.893,76","0,02","1.789.893,76","1.211.401,00","1,48","Vereinigtes Königreich","London Stock Exchange","GBP"
"TPE","TAURON POLSKA ENERGIA","Versorger","Aktien","1.761.116,01","0,02","1.761.116,01","833.133,00","2,11","Polen","Warsaw Stock Exchange/Equities/Main Market","PLN"
"ROCK B","ROCKWOOL CLASS B","Industrie","Aktien","1.759.146,87","0,02","1.759.146,87","71.159,00","24,72","Dänemark","Omx Nordic Exchange Copenhagen A/S","DKK"
"WIE","WIENERBERGER AG","Materialien","Aktien","1.755.795,25","0,02","1.755.795,25","97.925,00","17,93","Österreich","Wiener Boerse Ag","EUR"
"PUM","PUMA","Zyklische Konsumgüter ","Aktien","1.750.716,00","0,02","1.750.716,00","79.578,00","22,00","Deutschland","Xetra","EUR"
"SOP","SOPRA STERIA GROUP","IT","Aktien","1.734.512,00","0,02","1.734.512,00","10.760,00","161,20","Frankreich","Nyse Euronext - Euronext Paris","EUR"
"DKSH","DKSH HOLDING AG","Industrie","Aktien","1.718.397,72","0,02","1.718.397,72","24.747,00","69,44","Schweiz","SIX Swiss Exchange","CHF"
"PUIG","PUIG BRANDS SA CLASS B","Nichtzyklische Konsumgüter","Aktien","1.703.972,76","0,02","1.703.972,76","101.066,00","16,86","Spanien","Bolsa De Madrid","EUR"
"JD.","JD SPORTS FASHION PLC","Zyklische Konsumgüter ","Aktien","1.671.978,09","0,02","1.671.978,09","1.884.510,00","0,89","Vereinigtes Königreich","London Stock Exchange","GBP"
"AXFO","AXFOOD","Nichtzyklische Konsumgüter","Aktien","1.660.022,62","0,02","1.660.022,62","74.568,00","22,26","Schweden","Nasdaq Omx Nordic","SEK"
"CHF","CHF CASH","Cash und/oder Derivate","Geldmarkt","1.642.990,92","0,02","1.642.990,92","1.554.531,00","105,69","Schweiz","-","CHF"
"KTY","GRUPA KETY","Materialien","Aktien","1.612.019,32","0,02","1.612.019,32","5.561,00","289,88","Polen","Warsaw Stock Exchange/Equities/Main Market","PLN"
"FRA","FRAPORT AG","Industrie","Aktien","1.606.573,15","0,02","1.606.573,15","26.533,00","60,55","Deutschland","Xetra","EUR"
"HOC","HOCHSCHILD MINING PLC","Materialien","Aktien","1.602.651,57","0,02","1.602.651,57","228.817,00","7,00","Vereinigtes Königreich","London Stock Exchange","GBP"
"KEMIRA","KEMIRA","Materialien","Aktien","1.561.829,65","0,01","1.561.829,65","90.019,00","17,35","Finnland","Nasdaq Omx Helsinki Ltd.","EUR"
"DLN","DERWENT LONDON REIT PLC","Immobilien","Aktien","1.560.378,04","0,01","1.560.378,04","72.281,00","21,59","Vereinigtes Königreich","London Stock Exchange","GBP"
"LIGHT","SIGNIFY","Industrie","Aktien","1.509.189,12","0,01","1.509.189,12","101.424,00","14,88","Niederlande","Euronext Amsterdam","EUR"
"AMV0","AUMOVIO N","Zyklische Konsumgüter ","Aktien","1.503.450,00","0,01","1.503.450,00","40.092,00","37,50","Deutschland","Xetra","EUR"
"THULE","THULE GROUP","Zyklische Konsumgüter ","Aktien","1.497.069,19","0,01","1.497.069,19","84.144,00","17,79","Schweden","Nasdaq Omx Nordic","SEK"
"BUCN","BUCHER INDUSTRIES AG","Industrie","Aktien","1.465.630,65","0,01","1.465.630,65","4.320,00","339,27","Schweiz","SIX Swiss Exchange","CHF"
"GBF","BILFINGER","Industrie","Aktien","1.436.744,80","0,01","1.436.744,80","24.208,00","59,35","Deutschland","Xetra","EUR"
"BAKKA","BAKKAFROST","Nichtzyklische Konsumgüter","Aktien","1.383.500,76","0,01","1.383.500,76","34.586,00","40,00","Norwegen","Oslo Bors Asa","NOK"
"WIHL","WIHLBORGS FASTIGHETER","Immobilien","Aktien","1.276.549,88","0,01","1.276.549,88","189.381,00","6,74","Schweden","Nasdaq Omx Nordic","SEK"
"SESG","SES SA FDR","Kommunikation","Aktien","1.224.001,68","0,01","1.224.001,68","248.882,00","4,92","Frankreich","Nyse Euronext - Euronext Paris","EUR"
"PLN","PLN CASH","Cash und/oder Derivate","Geldmarkt","803.550,40","0,01","803.550,40","3.501.057,00","22,95","Polen","-","PLN"
"SEK","SEK CASH","Cash und/oder Derivate","Geldmarkt","554.068,74","0,01","554.068,74","6.247.063,00","8,87","Schweden","-","SEK"
"DKK","DKK CASH","Cash und/oder Derivate","Geldmarkt","386.427,73","0,00","386.427,73","2.888.670,00","13,38","Dänemark","-","DKK"
"NOK","NOK CASH","Cash und/oder Derivate","Geldmarkt","316.005,11","0,00","316.005,11","3.419.025,00","9,24","Norwegen","-","NOK"
"GBP","GBP/EUR","Cash und/oder Derivate","FX","5.131,22","0,00","5.131,22","-1.535.905,00","1,00","Europäische Union","-","EUR"
"ETD_EUR","ETD EUR BALANCE WITH R84910","Cash und/oder Derivate","Geldmarkt","0,00","0,00","0,00","0,00","100,00","Europäische Union","-","EUR"
"AUD","AUD CASH","Cash und/oder Derivate","Geldmarkt","6,98","0,00","6,98","11,00","61,92","Australien","-","AUD"
"SXOZ6","STOXX EUROPE 600 DEC 26","Cash und/oder Derivate","Futures","0,00","0,00","54.593.935,00","1.691,00","645,70","Europäische Union","Eurex Deutschland","EUR"
 