Fund Holdings as of,"Sep 17, 2026"
 
Ticker,Name,Sector,Asset Class,Market Value,Weight (%),Notional Value,Shares,Price,Location,Exchange,Currency,FX Rate,Market Currency
"RY","ROYAL BANK OF CANADA","Financials","Equity","2,650,170,116.11","7.78","2,650,170,116.11","9,301,127.00","284.93","Canada","Toronto Stock Exchange","CAD","1.00","CAD"
"TD","TORONTO DOMINION","Financials","Equity","1,894,691,925.54","5.56","1,894,691,925.54","11,121,042.00","170.37","Canada","Toronto Stock Exchange","CAD","1.00","CAD"
"SHOP","SHOPIFY SUBORDINATE VOTING CLASS A","Information Technology","Equity","1,461,448,447.07","4.29","1,461,448,447.07","8,118,707.00","180.01","Canada","Toronto Stock Exchange","CAD","1.00","CAD"
"BMO","BANK OF MONTREAL","Financials","Equity","1,134,201,363.60","3.33","1,134,201,363.60","4,662,890.00","243.24","Canada","Toronto Stock Exchange","CAD","1.00","CAD"
"BNS","BANK OF NOVA SCOTIA","Financials","Equity","1,077,135,870.38","3.16","1,077,135,870.38","8,181,193.00","131.66","Canada","Toronto Stock Exchange","CAD","1.00","CAD"
"ENB","ENBRIDGE","Energy","Equity","991,008,776.94","2.91","991,008,776.94","14,535,183.00","68.18","Canada","Toronto Stock Exchange","CAD","1.00","CAD"
"CNQ","CANADIAN NATURAL RESOURCES LTD","Energy","Equity","983,468,954.43","2.89","983,468,954.43","13,884,921.00","70.83","Canada","Toronto Stock Exchange","CAD","1.00","CAD"
"CM","CANADIAN IMPERIAL BANK OF COMMERCE","Financials","Equity","974,414,576.35","2.86","974,414,576.35","6,126,467.00","159.05","Canada","Toronto Stock Exchange","CAD","1.00","CAD"
"AEM","AGNICO EAGLE MINES","Materials","Equity","955,250,707.95","2.80","955,250,707.95","3,385,613.00","282.15","Canada","Toronto Stock Exchange","CAD","1.00","CAD"
"SU","SUNCOR ENERGY INC","Energy","Equity","764,824,001.15","2.24","764,824,001.15","7,859,665.00","97.31","Canada","Toronto Stock Exchange","CAD","1.00","CAD"
"BN","BROOKFIELD CLASS A","Financials","Equity","740,796,789.02","2.17","740,796,789.02","14,221,478.00","52.09","Canada","Toronto Stock Exchange","CAD","1.00","CAD"
"CP","CANADIAN PACIFIC KANSAS CITY","Industrials","Equity","733,868,515.60","2.15","733,868,515.60","5,909,240.00","124.19","Canada","Toronto Stock Exchange","CAD","1.00","CAD"
"MFC","MANULIFE FINANCIAL","Financials","Equity","685,759,866.33","2.01","685,759,866.33","11,109,021.00","61.73","Canada","Toronto Stock Exchange","CAD","1.00","CAD"
"ABX","BARRICK MINING","Materials","Equity","682,121,638.88","2.00","682,121,638.88","11,153,068.00","61.16","Canada","Toronto Stock Exchange","CAD","1.00","CAD"
"WPM","WHEATON PRECIOUS METALS","Materials","Equity","643,927,911.30","1.89","643,927,911.30","3,022,710.00","213.03","Canada","Toronto Stock Exchange","CAD","1.00","CAD"
"CNR","CANADIAN NATIONAL RAILWAY","Industrials","Equity","603,912,141.38","1.77","603,912,141.38","3,600,287.00","167.74","Canada","Toronto Stock Exchange","CAD","1.00","CAD"
"TRP","TC ENERGY","Energy","Equity","597,342,481.56","1.75","597,342,481.56","6,934,554.00","86.14","Canada","Toronto Stock Exchange","CAD","1.00","CAD"
"NA","NATIONAL BANK OF CANADA","Financials","Equity","541,569,222.48","1.59","541,569,222.48","2,565,706.00","211.08","Canada","Toronto Stock Exchange","CAD","1.00","CAD"
"FNV","FRANCO NEVADA","Materials","Equity","479,466,293.54","1.41","479,466,293.54","1,283,746.00","373.49","Canada","Toronto Stock Exchange","CAD","1.00","CAD"
"SLF","SUN LIFE FINANCIAL INC","Financials","Equity","417,348,552.34","1.22","417,348,552.34","3,687,802.00","113.17","Canada","Toronto Stock Exchange","CAD","1.00","CAD"
"CVE","CENOVUS ENERGY","Energy","Equity","413,709,961.24","1.21","413,709,961.24","8,985,881.00","46.04","Canada","Toronto Stock Exchange","CAD","1.00","CAD"
"ATD","ALIMENTATION COUCHE TARD INC","Consumer Staples","Equity","395,478,381.62","1.16","395,478,381.62","4,951,526.00","79.87","Canada","Toronto Stock Exchange","CAD","1.00","CAD"
"CLS","CELESTICA","Information Technology","Equity","383,267,100.24","1.12","383,267,100.24","829,798.00","461.88","Canada","Toronto Stock Exchange","CAD","1.00","CAD"
"CCO","CAMECO","Energy","Equity","376,365,835.52","1.10","376,365,835.52","2,899,136.00","129.82","Canada","Toronto Stock Exchange","CAD","1.00","CAD"
"CSU","CONSTELLATION SOFTWARE","Information Technology","Equity","375,047,881.23","1.10","375,047,881.23","132,596.00","2,828.50","Canada","Toronto Stock Exchange","CAD","1.00","CAD"
"WCN","WASTE CONNECTIONS","Industrials","Equity","368,781,742.49","1.08","368,781,742.49","1,698,907.00","217.07","United States","Toronto Stock Exchange","CAD","1.00","CAD"
"NTR","NUTRIEN LTD","Materials","Equity","353,740,875.18","1.04","353,740,875.18","3,200,406.00","110.53","Canada","Toronto Stock Exchange","CAD","1.00","CAD"
"POW","POWER CORPORATION OF CANADA","Financials","Equity","334,621,529.52","0.98","334,621,529.52","3,525,672.00","94.91","Canada","Toronto Stock Exchange","CAD","1.00","CAD"
"K","KINROSS GOLD","Materials","Equity","316,511,224.47","0.93","316,511,224.47","7,938,581.00","39.87","Canada","Toronto Stock Exchange","CAD","1.00","CAD"
"DOL","DOLLARAMA","Consumer Discretionary","Equity","311,701,462.50","0.91","311,701,462.50","1,804,350.00","172.75","Canada","Toronto Stock Exchange","CAD","1.00","CAD"
"IFC","INTACT FINANCIAL CORP","Financials","Equity","306,225,855.12","0.90","306,225,855.12","1,176,796.00","260.22","Canada","Toronto Stock Exchange","CAD","1.00","CAD"
"FFH","FAIRFAX FINANCIAL HOLDINGS SUB VOT","Financials","Equity","304,781,563.08","0.89","304,781,563.08","132,294.00","2,303.82","Canada","Toronto Stock Exchange","CAD","1.00","CAD"
"TECK.B","TECK RESOURCES SUBORDINATE VOTING","Materials","Equity","272,357,338.96","0.80","272,357,338.96","2,983,757.00","91.28","Canada","Toronto Stock Exchange","CAD","1.00","CAD"
"FTS","FORTIS","Utilities","Equity","258,460,038.28","0.76","258,460,038.28","3,390,974.00","76.22","Canada","Toronto Stock Exchange","CAD","1.00","CAD"
"PPL","PEMBINA PIPELINE","Energy","Equity","257,724,417.60","0.76","257,724,417.60","3,869,736.00","66.60","Canada","Toronto Stock Exchange","CAD","1.00","CAD"
"QSR","RESTAURANTS BRANDS INTERNATIONAL","Consumer Discretionary","Equity","234,783,191.56","0.69","234,783,191.56","2,311,976.00","101.55","Canada","Toronto Stock Exchange","CAD","1.00","CAD"
"L","LOBLAW COMPANIES LTD","Consumer Staples","Equity","233,287,906.02","0.68","233,287,906.02","3,715,959.00","62.78","Canada","Toronto Stock Exchange","CAD","1.00","CAD"
"FM","FIRST QUANTUM MINERALS","Materials","Equity","197,970,255.28","0.58","197,970,255.28","4,503,418.00","43.96","Canada","Toronto Stock Exchange","CAD","1.00","CAD"
"PAAS","PAN AMERICAN SILVER","Materials","Equity","195,134,394.76","0.57","195,134,394.76","2,809,306.00","69.46","Canada","Toronto Stock Exchange","CAD","1.00","CAD"
"BCE","BCE INC","Communication","Equity","193,939,699.20","0.57","193,939,699.20","6,216,016.00","31.20","Canada","Toronto Stock Exchange","CAD","1.00","CAD"
"IMO","IMPERIAL OIL LTD","Energy","Equity","182,496,970.64","0.54","182,496,970.64","1,000,093.00","182.48","Canada","Toronto Stock Exchange","CAD","1.00","CAD"
"BBD.B","BOMBARDIER CLASS B","Industrials","Equity","179,134,882.68","0.53","179,134,882.68","587,366.00","304.98","Canada","Toronto Stock Exchange","CAD","1.00","CAD"
"GWO","GREAT WEST LIFECO INC","Financials","Equity","163,944,341.55","0.48","163,944,341.55","1,751,355.00","93.61","Canada","Toronto Stock Exchange","CAD","1.00","CAD"
"WSP","WSP GLOBAL INC","Industrials","Equity","162,302,726.46","0.48","162,302,726.46","898,338.00","180.67","Canada","Toronto Stock Exchange","CAD","1.00","CAD"
"BAM","BROOKFIELD ASSET MANAGEMENT VOTING","Financials","Equity","159,808,208.84","0.47","159,808,208.84","2,514,289.00","63.56","Canada","Toronto Stock Exchange","CAD","1.00","CAD"
"MG","MAGNA INTERNATIONAL","Consumer Discretionary","Equity","154,846,176.86","0.45","154,846,176.86","1,705,918.00","90.77","Canada","Toronto Stock Exchange","CAD","1.00","CAD"
"BIP.UN","BROOKFIELD INFRASTRUCTURE PARTNERS","Utilities","Equity","153,018,399.66","0.45","153,018,399.66","3,049,998.00","50.17","Bermuda","Toronto Stock Exchange","CAD","1.00","CAD"
"WCP","WHITECAP RESOURCES INC","Energy","Equity","150,279,281.95","0.44","150,279,281.95","8,101,309.00","18.55","Canada","Toronto Stock Exchange","CAD","1.00","CAD"
"LUN","LUNDIN MINING","Materials","Equity","149,894,553.16","0.44","149,894,553.16","4,512,178.00","33.22","Canada","Toronto Stock Exchange","CAD","1.00","CAD"
"TOU","TOURMALINE OIL CORP","Energy","Equity","149,780,044.20","0.44","149,780,044.20","2,458,635.00","60.92","Canada","Toronto Stock Exchange","CAD","1.00","CAD"
"RBA","RB GLOBAL","Industrials","Equity","146,161,154.70","0.43","146,161,154.70","1,241,811.00","117.70","Canada","Toronto Stock Exchange","CAD","1.00","CAD"
"EMA","EMERA INC","Utilities","Equity","140,840,523.00","0.41","140,840,523.00","2,041,167.00","69.00","Canada","Toronto Stock Exchange","CAD","1.00","CAD"
"AGI","ALAMOS GOLD CLASS A","Materials","Equity","140,319,329.15","0.41","140,319,329.15","2,803,583.00","50.05","Canada","Toronto Stock Exchange","CAD","1.00","CAD"
"GFL","GFL ENVIRONMENTAL SUBORDINATE VOTI","Industrials","Equity","132,839,770.36","0.39","132,839,770.36","2,196,788.00","60.47","Canada","Toronto Stock Exchange","CAD","1.00","CAD"
"T","TELUS","Communication","Equity","129,916,824.50","0.38","129,916,824.50","10,418,350.00","12.47","Canada","Toronto Stock Exchange","CAD","1.00","CAD"
"IAG","IA FINANCIAL INC","Financials","Equity","127,925,527.04","0.38","127,925,527.04","598,454.00","213.76","Canada","Toronto Stock Exchange","CAD","1.00","CAD"
"RCI.B","ROGERS COMMUNICATIONS NON-VOTING I","Communication","Equity","126,830,769.78","0.37","126,830,769.78","2,579,434.00","49.17","Canada","Toronto Stock Exchange","CAD","1.00","CAD"
"GIB.A","CGI INC CLASS A","Information Technology","Equity","124,657,096.12","0.37","124,657,096.12","1,251,326.00","99.62","Canada","Toronto Stock Exchange","CAD","1.00","CAD"
"TRI","THOMSON REUTERS CORP","Industrials","Equity","121,777,288.54","0.36","121,777,288.54","874,774.00","139.21","Canada","Toronto Stock Exchange","CAD","1.00","CAD"
"EQX","EQUINOX GOLD","Materials","Equity","120,472,161.02","0.35","120,472,161.02","7,049,278.00","17.09","Canada","Toronto Stock Exchange","CAD","1.00","CAD"
"MRU","METRO","Consumer Staples","Equity","117,249,438.60","0.34","117,249,438.60","1,277,227.00","91.80","Canada","Toronto Stock Exchange","CAD","1.00","CAD"
"TIH","TOROMONT INDUSTRIES LTD","Industrials","Equity","111,953,935.50","0.33","111,953,935.50","545,425.00","205.26","Canada","Toronto Stock Exchange","CAD","1.00","CAD"
"ALA","ALTAGAS","Utilities","Equity","111,129,782.82","0.33","111,129,782.82","2,083,423.00","53.34","Canada","Toronto Stock Exchange","CAD","1.00","CAD"
"H","HYDRO ONE","Utilities","Equity","110,512,113.24","0.32","110,512,113.24","2,126,869.00","51.96","Canada","Toronto Stock Exchange","CAD","1.00","CAD"
"HBM","HUDBAY MINERALS","Materials","Equity","109,627,648.27","0.32","109,627,648.27","2,960,509.00","37.03","Canada","Toronto Stock Exchange","CAD","1.00","CAD"
"IMG","IAMGOLD CORP","Materials","Equity","108,110,229.06","0.32","108,110,229.06","3,829,622.00","28.23","Canada","Toronto Stock Exchange","CAD","1.00","CAD"
"CAD","CAD CASH","Cash and/or Derivatives","Cash","107,362,107.65","0.31","107,362,107.65","107,362,108.00","100.00","Canada","-","CAD","1.00","CAD"
"WN","GEORGE WESTON","Consumer Staples","Equity","105,022,336.98","0.31","105,022,336.98","1,035,519.00","101.42","Canada","Toronto Stock Exchange","CAD","1.00","CAD"
"KEY","KEYERA","Energy","Equity","101,526,206.68","0.30","101,526,206.68","1,887,806.00","53.78","Canada","Toronto Stock Exchange","CAD","1.00","CAD"
"X","TMX GROUP LTD","Financials","Equity","97,172,180.40","0.29","97,172,180.40","1,829,640.00","53.11","Canada","Toronto Stock Exchange","CAD","1.00","CAD"
"ATRL","ATKINSREALIS GROUP INC","Industrials","Equity","94,513,392.00","0.28","94,513,392.00","1,078,920.00","87.60","Canada","Toronto Stock Exchange","CAD","1.00","CAD"
"ELD","ELDORADO GOLD","Materials","Equity","93,317,031.75","0.27","93,317,031.75","1,574,971.00","59.25","Canada","Toronto Stock Exchange","CAD","1.00","CAD"
"CCL.B","CCL INDUSTRIES CLASS B","Materials","Equity","91,214,208.00","0.27","91,214,208.00","950,148.00","96.00","Canada","Toronto Stock Exchange","CAD","1.00","CAD"
"TFII","TFI INTERNATIONAL","Industrials","Equity","91,186,092.74","0.27","91,186,092.74","517,691.00","176.14","Canada","Toronto Stock Exchange","CAD","1.00","CAD"
"DPM","DPM METALS","Materials","Equity","86,231,732.02","0.25","86,231,732.02","1,468,274.00","58.73","Canada","Toronto Stock Exchange","CAD","1.00","CAD"
"AG","FIRST MAJESTIC SILVER","Materials","Equity","84,637,213.32","0.25","84,637,213.32","3,107,093.00","27.24","Canada","Toronto Stock Exchange","CAD","1.00","CAD"
"FTT","FINNING INTERNATIONAL INC","Industrials","Equity","82,531,267.50","0.24","82,531,267.50","866,470.00","95.25","Canada","Toronto Stock Exchange","CAD","1.00","CAD"
"GIL","GILDAN ACTIVEWEAR","Consumer Discretionary","Equity","80,337,065.44","0.24","80,337,065.44","1,241,302.00","64.72","Canada","Toronto Stock Exchange","CAD","1.00","CAD"
"ATZ","ARITZIA SUBORDINATE VOTING","Consumer Discretionary","Equity","75,831,465.60","0.22","75,831,465.60","638,312.00","118.80","Canada","Toronto Stock Exchange","CAD","1.00","CAD"
"STN","STANTEC","Industrials","Equity","75,733,685.04","0.22","75,733,685.04","765,528.00","98.93","Canada","Toronto Stock Exchange","CAD","1.00","CAD"
"SSRM","SSR MINING","Materials","Equity","72,748,229.28","0.21","72,748,229.28","1,437,144.00","50.62","Canada","Toronto Stock Exchange","CAD","1.00","CAD"
"CAE","CAE","Industrials","Equity","72,370,364.10","0.21","72,370,364.10","2,134,819.00","33.90","Canada","Toronto Stock Exchange","CAD","1.00","CAD"
"GMIN","G MINING VENTURES CORP","Materials","Equity","70,280,481.75","0.21","70,280,481.75","1,412,673.00","49.75","Canada","Toronto Stock Exchange","CAD","1.00","CAD"
"SOBO","SOUTH BOW","Energy","Equity","69,179,560.48","0.20","69,179,560.48","1,381,381.00","50.08","Canada","Toronto Stock Exchange","CAD","1.00","CAD"
"BTO","B2GOLD","Materials","Equity","66,879,908.30","0.20","66,879,908.30","8,858,266.00","7.55","Canada","Toronto Stock Exchange","CAD","1.00","CAD"
"EFN","ELEMENT FLEET MANAGEMENT","Industrials","Equity","66,472,786.80","0.20","66,472,786.80","2,637,809.00","25.20","Canada","Toronto Stock Exchange","CAD","1.00","CAD"
"CPX","CAPITAL POWER CORP","Utilities","Equity","64,877,488.30","0.19","64,877,488.30","1,051,499.00","61.70","Canada","Toronto Stock Exchange","CAD","1.00","CAD"
"SAP","SAPUTO","Consumer Staples","Equity","64,293,269.04","0.19","64,293,269.04","1,605,726.00","40.04","Canada","Toronto Stock Exchange","CAD","1.00","CAD"
"OR","OR ROYALTIES INC","Materials","Equity","64,231,002.64","0.19","64,231,002.64","1,240,939.00","51.76","Canada","Toronto Stock Exchange","CAD","1.00","CAD"
"QBR.B","QUEBECOR CLASS B","Communication","Equity","63,612,616.65","0.19","63,612,616.65","998,785.00","63.69","Canada","Toronto Stock Exchange","CAD","1.00","CAD"
"DSG","DESCARTES SYSTEMS GROUP","Information Technology","Equity","63,581,912.59","0.19","63,581,912.59","570,907.00","111.37","Canada","Toronto Stock Exchange","CAD","1.00","CAD"
"BEP.UN","BROOKFIELD RENEWABLE PARTNERS NON","Utilities","Equity","62,669,815.20","0.18","62,669,815.20","1,510,480.00","41.49","Bermuda","Toronto Stock Exchange","CAD","1.00","CAD"
"CTC.A","CANADIAN TIRE LTD CLASS A","Consumer Discretionary","Equity","61,728,570.97","0.18","61,728,570.97","326,831.00","188.87","Canada","Toronto Stock Exchange","CAD","1.00","CAD"
"IVN","IVANHOE MINES CLASS A","Materials","Equity","60,130,106.70","0.18","60,130,106.70","5,006,670.00","12.01","Canada","Toronto Stock Exchange","CAD","1.00","CAD"
"OGC","OCEANAGOLD CORPORATION CORP","Materials","Equity","60,068,792.56","0.18","60,068,792.56","1,489,432.00","40.33","Canada","Toronto Stock Exchange","CAD","1.00","CAD"
"LUG","LUNDIN GOLD","Materials","Equity","59,980,361.84","0.18","59,980,361.84","657,103.00","91.28","Canada","Toronto Stock Exchange","CAD","1.00","CAD"
"CS","CAPSTONE COPPER CORP","Materials","Equity","59,127,158.16","0.17","59,127,158.16","4,158,028.00","14.22","Canada","Toronto Stock Exchange","CAD","1.00","CAD"
"NXE","NEXGEN ENERGY","Energy","Equity","57,865,837.05","0.17","57,865,837.05","4,373,835.00","13.23","Canada","Toronto Stock Exchange","CAD","1.00","CAD"
"PSK","PRAIRIESKY ROYALTY","Energy","Equity","55,201,086.71","0.16","55,201,086.71","1,543,223.00","35.77","Canada","Toronto Stock Exchange","CAD","1.00","CAD"
"OTEX","OPEN TEXT","Information Technology","Equity","52,946,467.57","0.16","52,946,467.57","1,607,849.00","32.93","Canada","Toronto Stock Exchange","CAD","1.00","CAD"
"AC","AIR CANADA VOTING AND VARIABLE VOT","Industrials","Equity","51,920,486.40","0.15","51,920,486.40","1,864,960.00","27.84","Canada","Toronto Stock Exchange","CAD","1.00","CAD"
"DSV","DISCOVERY MINING LTD","Materials","Equity","51,520,871.10","0.15","51,520,871.10","4,198,930.00","12.27","Canada","Toronto Stock Exchange","CAD","1.00","CAD"
"FSV","FIRSTSERVICE SUBORDINATE VOTING","Real Estate","Equity","51,037,502.67","0.15","51,037,502.67","275,031.00","185.57","Canada","Toronto Stock Exchange","CAD","1.00","CAD"
"KNT","K92 MINING","Materials","Equity","47,109,511.26","0.14","47,109,511.26","1,625,587.00","28.98","Canada","Toronto Stock Exchange","CAD","1.00","CAD"
"DFY","DEFINITY FINANCIAL","Financials","Equity","46,180,787.87","0.14","46,180,787.87","628,909.00","73.43","Canada","Toronto Stock Exchange","CAD","1.00","CAD"
"IGM","IGM FINANCIAL INC","Financials","Equity","45,580,597.38","0.13","45,580,597.38","522,294.00","87.27","Canada","Toronto Stock Exchange","CAD","1.00","CAD"
"MDA","MDA SPACE","Industrials","Equity","45,348,419.26","0.13","45,348,419.26","1,069,286.00","42.41","Canada","Toronto Stock Exchange","CAD","1.00","CAD"
"CU","CANADIAN UTILITIES LTD CLASS A","Utilities","Equity","43,910,178.12","0.13","43,910,178.12","861,998.00","50.94","Canada","Toronto Stock Exchange","CAD","1.00","CAD"
"CSH.UN","CHARTWELL RETIREMENT RESIDENCES RE","Health Care","Equity","43,661,767.80","0.13","43,661,767.80","2,150,826.00","20.30","Canada","Toronto Stock Exchange","CAD","1.00","CAD"
"TVE","TAMARACK VALLEY ENERGY","Energy","Equity","42,778,316.68","0.13","42,778,316.68","3,187,654.00","13.42","Canada","Toronto Stock Exchange","CAD","1.00","CAD"
"CG","CENTERRA GOLD","Materials","Equity","42,087,758.61","0.12","42,087,758.61","1,322,267.00","31.83","Canada","Toronto Stock Exchange","CAD","1.00","CAD"
"ONEX","ONEX","Financials","Equity","41,982,262.25","0.12","41,982,262.25","384,277.00","109.25","Canada","Toronto Stock Exchange","CAD","1.00","CAD"
"TXG","TOREX GOLD RESOURCES","Materials","Equity","41,674,516.80","0.12","41,674,516.80","609,990.00","68.32","Canada","Toronto Stock Exchange","CAD","1.00","CAD"
"MAU","MONTAGE GOLD","Materials","Equity","41,523,917.71","0.12","41,523,917.71","2,085,581.00","19.91","Canada","Toronto Stock Exchange","CAD","1.00","CAD"
"EIF","EXCHANGE INCOME CORP","Industrials","Equity","40,810,932.80","0.12","40,810,932.80","350,008.00","116.60","Canada","Toronto Stock Exchange","CAD","1.00","CAD"
"EMP.A","EMPIRE CLASS A","Consumer Staples","Equity","40,043,387.15","0.12","40,043,387.15","843,907.00","47.45","Canada","Toronto Stock Exchange","CAD","1.00","CAD"
"BB","BLACKBERRY","Information Technology","Equity","39,718,338.16","0.12","39,718,338.16","3,571,793.00","11.12","Canada","Toronto Stock Exchange","CAD","1.00","CAD"
"REI.UN","RIOCAN REAL ESTATE INVESTMENT TRUS","Real Estate","Equity","39,606,512.20","0.12","39,606,512.20","1,923,580.00","20.59","Canada","Toronto Stock Exchange","CAD","1.00","CAD"
"WFG","WEST FRASER TIMBER","Materials","Equity","37,824,183.10","0.11","37,824,183.10","371,335.00","101.86","Canada","Toronto Stock Exchange","CAD","1.00","CAD"
"NPI","NORTHLAND POWER INC","Utilities","Equity","37,711,128.00","0.11","37,711,128.00","1,726,700.00","21.84","Canada","Toronto Stock Exchange","CAD","1.00","CAD"
"MX","METHANEX CORP","Materials","Equity","37,491,345.31","0.11","37,491,345.31","439,163.00","85.37","Canada","Toronto Stock Exchange","CAD","1.00","CAD"
"CIGI","COLLIERS INTERNATIONAL GROUP SUBOR","Real Estate","Equity","36,625,885.40","0.11","36,625,885.40","294,515.00","124.36","Canada","Toronto Stock Exchange","CAD","1.00","CAD"
"GEI","GIBSON ENERGY","Energy","Equity","36,593,274.72","0.11","36,593,274.72","1,145,688.00","31.94","Canada","Toronto Stock Exchange","CAD","1.00","CAD"
"ARIS","ARIS MINING","Materials","Equity","36,364,943.00","0.11","36,364,943.00","1,372,262.00","26.50","Canada","Toronto Stock Exchange","CAD","1.00","CAD"
"SKE","SKEENA RESOURCES","Materials","Equity","35,490,220.20","0.10","35,490,220.20","810,279.00","43.80","Canada","Toronto Stock Exchange","CAD","1.00","CAD"
"AYA","AYA GOLD & SILVER INC","Materials","Equity","35,403,507.11","0.10","35,403,507.11","878,281.00","40.31","Canada","Toronto Stock Exchange","CAD","1.00","CAD"
"ACO.X","ATCO CLASS I","Utilities","Equity","35,196,707.56","0.10","35,196,707.56","480,698.00","73.22","Canada","Toronto Stock Exchange","CAD","1.00","CAD"
"AQN","ALGONQUIN POWER UTILITIES","Utilities","Equity","34,991,699.86","0.10","34,991,699.86","4,640,809.00","7.54","Canada","Toronto Stock Exchange","CAD","1.00","CAD"
"WDO","WESDOME GOLD MINES LTD","Materials","Equity","34,271,815.44","0.10","34,271,815.44","985,672.00","34.77","Canada","Toronto Stock Exchange","CAD","1.00","CAD"
"ATH","ATHABASCA OIL","Energy","Equity","33,814,130.92","0.10","33,814,130.92","3,214,271.00","10.52","Canada","Toronto Stock Exchange","CAD","1.00","CAD"
"FVI","FORTUNA MINING CORP","Materials","Equity","33,650,738.88","0.10","33,650,738.88","2,012,604.00","16.72","Canada","Toronto Stock Exchange","CAD","1.00","CAD"
"GRT.UN","GRANITE REAL ESTATE INVESTMENT STA","Real Estate","Equity","33,538,841.10","0.10","33,538,841.10","400,703.00","83.70","Canada","Toronto Stock Exchange","CAD","1.00","CAD"
"PEY","PEYTO EXPLORATION & DEVELOPMENT","Energy","Equity","32,841,830.64","0.10","32,841,830.64","1,354,861.00","24.24","Canada","Toronto Stock Exchange","CAD","1.00","CAD"
"KXS","KINAXIS INC","Information Technology","Equity","32,424,047.76","0.10","32,424,047.76","180,344.00","179.79","Canada","Toronto Stock Exchange","CAD","1.00","CAD"
"TA","TRANSALTA CORP","Utilities","Equity","32,396,205.74","0.10","32,396,205.74","1,885,693.00","17.18","Canada","Toronto Stock Exchange","CAD","1.00","CAD"
"ERO","ERO COPPER","Materials","Equity","32,275,943.91","0.09","32,275,943.91","693,063.00","46.57","Canada","Toronto Stock Exchange","CAD","1.00","CAD"
"CAR.UN","CANADIAN APARTMENT PROPERTIES REAL","Real Estate","Equity","32,233,910.85","0.09","32,233,910.85","1,018,449.00","31.65","Canada","Toronto Stock Exchange","CAD","1.00","CAD"
"FCR.UN","FIRST CAPITAL REALTY REAL ESTATE I","Real Estate","Equity","31,506,657.60","0.09","31,506,657.60","1,404,040.00","22.44","Canada","Toronto Stock Exchange","CAD","1.00","CAD"
"EFR","ENERGY FUELS","Energy","Equity","29,321,020.17","0.09","29,321,020.17","1,748,421.00","16.77","Canada","Toronto Stock Exchange","CAD","1.00","CAD"
"RUS","RUSSEL METALS","Industrials","Equity","29,138,266.79","0.09","29,138,266.79","365,737.00","79.67","Canada","Toronto Stock Exchange","CAD","1.00","CAD"
"BDT","BIRD CONSTRUCTION","Industrials","Equity","28,625,548.32","0.08","28,625,548.32","367,371.00","77.92","Canada","Toronto Stock Exchange","CAD","1.00","CAD"
"BTE","BAYTEX ENERGY","Energy","Equity","28,382,213.58","0.08","28,382,213.58","4,180,002.00","6.79","Canada","Toronto Stock Exchange","CAD","1.00","CAD"
"TKO","TREKOR METALS","Materials","Equity","28,360,571.68","0.08","28,360,571.68","2,419,844.00","11.72","Canada","Toronto Stock Exchange","CAD","1.00","CAD"
"EDR","ENDEAVOUR SILVER CORP","Materials","Equity","28,118,104.64","0.08","28,118,104.64","1,974,586.00","14.24","Canada","Toronto Stock Exchange","CAD","1.00","CAD"
"CEU","CES ENERGY SOLUTIONS CORP","Energy","Equity","26,806,892.00","0.08","26,806,892.00","1,407,925.00","19.04","Canada","Toronto Stock Exchange","CAD","1.00","CAD"
"CHP.UN","CHOICE PROPERTIES REAL ESTATE INVE","Real Estate","Equity","26,797,736.42","0.08","26,797,736.42","1,803,347.00","14.86","Canada","Toronto Stock Exchange","CAD","1.00","CAD"
"EFX","ENERFLEX","Energy","Equity","25,608,004.30","0.08","25,608,004.30","805,030.00","31.81","Canada","Toronto Stock Exchange","CAD","1.00","CAD"
"LNR","LINAMAR","Consumer Discretionary","Equity","25,541,050.58","0.07","25,541,050.58","256,462.00","99.59","Canada","Toronto Stock Exchange","CAD","1.00","CAD"
"SEA","SEABRIDGE GOLD","Materials","Equity","25,330,208.20","0.07","25,330,208.20","585,805.00","43.24","Canada","Toronto Stock Exchange","CAD","1.00","CAD"
"SVM","SILVERCORP METALS INC","Materials","Equity","24,996,712.34","0.07","24,996,712.34","1,468,667.00","17.02","Canada","Toronto Stock Exchange","CAD","1.00","CAD"
"SJ","STELLA JONES","Materials","Equity","24,784,374.40","0.07","24,784,374.40","360,238.00","68.80","Canada","Toronto Stock Exchange","CAD","1.00","CAD"
"SII","SPROTT INC","Financials","Equity","24,762,077.58","0.07","24,762,077.58","141,191.00","175.38","Canada","Toronto Stock Exchange","CAD","1.00","CAD"
"DIR.UN","DREAM INDUSTRIAL REAL ESTATE INVES","Real Estate","Equity","23,652,412.14","0.07","23,652,412.14","1,868,279.00","12.66","Canada","Toronto Stock Exchange","CAD","1.00","CAD"
"TPZ","TOPAZ ENERGY","Energy","Equity","23,086,663.26","0.07","23,086,663.26","764,206.00","30.21","Canada","Toronto Stock Exchange","CAD","1.00","CAD"
"SRU.UN","SMARTCENTRES RL ESTATE INVESTMENT","Real Estate","Equity","22,789,667.55","0.07","22,789,667.55","855,147.00","26.65","Canada","Toronto Stock Exchange","CAD","1.00","CAD"
"DML","DENISON MINES CORP","Energy","Equity","22,601,016.90","0.07","22,601,016.90","5,580,498.00","4.05","Canada","Toronto Stock Exchange","CAD","1.00","CAD"
"NGEX","NGEX MINERALS","Materials","Equity","22,170,674.26","0.07","22,170,674.26","887,537.00","24.98","Canada","Toronto Stock Exchange","CAD","1.00","CAD"
"EQB","EQB","Financials","Equity","21,571,970.21","0.06","21,571,970.21","172,039.00","125.39","Canada","Toronto Stock Exchange","CAD","1.00","CAD"
"PBH","PREMIUM BRANDS HOLDINGS","Consumer Staples","Equity","21,454,150.08","0.06","21,454,150.08","282,887.00","75.84","Canada","Toronto Stock Exchange","CAD","1.00","CAD"
"TFPM","TRIPLE FLAG PRECIOUS METALS","Materials","Equity","21,369,114.45","0.06","21,369,114.45","464,445.00","46.01","Canada","Toronto Stock Exchange","CAD","1.00","CAD"
"ARE","AECON GROUP","Industrials","Equity","21,166,764.32","0.06","21,166,764.32","454,808.00","46.54","Canada","Toronto Stock Exchange","CAD","1.00","CAD"
"SXGC","SOUTHERN CROSS GOLD CONSOLIDATED L","Materials","Equity","21,048,853.28","0.06","21,048,853.28","1,714,076.00","12.28","Canada","Toronto Stock Exchange","CAD","1.00","CAD"
"BYD","BOYD GROUP SERVICES INC","Industrials","Equity","20,897,694.16","0.06","20,897,694.16","184,072.00","113.53","Canada","Toronto Stock Exchange","CAD","1.00","CAD"
"DOO","BRP SUBORDINATE VOTING","Consumer Discretionary","Equity","20,842,264.52","0.06","20,842,264.52","253,309.00","82.28","Canada","Toronto Stock Exchange","CAD","1.00","CAD"
"HWX","HEADWATER EXPLORATION INC","Energy","Equity","20,405,639.46","0.06","20,405,639.46","1,475,462.00","13.83","Canada","Toronto Stock Exchange","CAD","1.00","CAD"
"ALS","ALTIUS MINERALS CORP","Materials","Equity","20,282,736.32","0.06","20,282,736.32","298,144.00","68.03","Canada","Toronto Stock Exchange","CAD","1.00","CAD"
"NG","NOVAGOLD RESOURCES INC","Materials","Equity","19,877,358.72","0.06","19,877,358.72","1,907,616.00","10.42","Canada","Toronto Stock Exchange","CAD","1.00","CAD"
"BDGI","BADGER INFRASTRUCTURE SOLUTIONS LT","Industrials","Equity","19,341,603.46","0.06","19,341,603.46","223,499.00","86.54","Canada","Toronto Stock Exchange","CAD","1.00","CAD"
"AAUC","ALLIED GOLD","Materials","Equity","18,929,425.84","0.06","18,929,425.84","629,512.00","30.07","Canada","Toronto Stock Exchange","CAD","1.00","CAD"
"PXT","PAREX RESOURCES","Energy","Equity","18,267,839.52","0.05","18,267,839.52","640,752.00","28.51","Canada","Toronto Stock Exchange","CAD","1.00","CAD"
"VET","VERMILION ENERGY","Energy","Equity","17,825,717.14","0.05","17,825,717.14","1,006,534.00","17.71","Canada","Toronto Stock Exchange","CAD","1.00","CAD"
"PPTA","PERPETUA RESOURCES","Materials","Equity","16,998,620.07","0.05","16,998,620.07","519,359.00","32.73","United States","Toronto Stock Exchange","CAD","1.00","CAD"
"HR.UN","HANDR REAL ESTATE INVESTMENT TRUST","Real Estate","Equity","16,960,473.60","0.05","16,960,473.60","1,766,716.00","9.60","Canada","Toronto Stock Exchange","CAD","1.00","CAD"
"POU","PARAMOUNT RESOURCE LTD CLASS A","Energy","Equity","16,857,267.38","0.05","16,857,267.38","507,902.00","33.19","Canada","Toronto Stock Exchange","CAD","1.00","CAD"
"PMZ.UN","PRIMARIS REAL ESTATE INVESTMENT UN","Real Estate","Equity","16,408,554.89","0.05","16,408,554.89","783,973.00","20.93","Canada","Toronto Stock Exchange","CAD","1.00","CAD"
"NWC","NORTH WEST COMPANY INC","Consumer Staples","Equity","16,268,279.99","0.05","16,268,279.99","312,311.00","52.09","Canada","Toronto Stock Exchange","CAD","1.00","CAD"
"CURA","CURALEAF HLDGS","Health Care","Equity","16,046,432.94","0.05","16,046,432.94","1,116,662.00","14.37","Canada","Toronto Stock Exchange","CAD","1.00","CAD"
"FRU","FREEHOLD ROYALTIES","Energy","Equity","15,913,206.06","0.05","15,913,206.06","903,646.00","17.61","Canada","Toronto Stock Exchange","CAD","1.00","CAD"
"BEI.UN","BOARDWALK REAL ESTATE INVESTMENT T","Real Estate","Equity","15,887,056.71","0.05","15,887,056.71","258,789.00","61.39","Canada","Toronto Stock Exchange","CAD","1.00","CAD"
"BBUC","BROOKFIELD BUSINESS CORP CLASS A","Industrials","Equity","15,809,346.56","0.05","15,809,346.56","441,109.00","35.84","Canada","Toronto Stock Exchange","CAD","1.00","CAD"
"SDE","SPARTAN DELTA","Energy","Equity","15,572,735.09","0.05","15,572,735.09","1,191,487.00","13.07","Canada","Toronto Stock Exchange","CAD","1.00","CAD"
"IPCO","INTERNATIONAL PETROLEUM","Energy","Equity","15,437,432.34","0.05","15,437,432.34","432,058.00","35.73","Canada","Toronto Stock Exchange","CAD","1.00","CAD"
"VNP","5N PLUS","Materials","Equity","15,240,821.95","0.04","15,240,821.95","597,445.00","25.51","Canada","Toronto Stock Exchange","CAD","1.00","CAD"
"EXE","EXTENDICARE","Health Care","Equity","15,112,412.90","0.04","15,112,412.90","494,678.00","30.55","Canada","Toronto Stock Exchange","CAD","1.00","CAD"
"MTL","MULLEN GROUP","Industrials","Equity","14,870,886.50","0.04","14,870,886.50","588,946.00","25.25","Canada","Toronto Stock Exchange","CAD","1.00","CAD"
"NFI","NFI GROUP","Industrials","Equity","14,775,642.52","0.04","14,775,642.52","623,708.00","23.69","Canada","Toronto Stock Exchange","CAD","1.00","CAD"
"ATS","ATS","Industrials","Equity","14,760,587.52","0.04","14,760,587.52","549,129.00","26.88","Canada","Toronto Stock Exchange","CAD","1.00","CAD"
"ABRA","ABRASILVER RESOURCE CORP","Materials","Equity","14,253,007.89","0.04","14,253,007.89","1,056,561.00","13.49","Canada","Toronto Stock Exchange","CAD","1.00","CAD"
"SIA","SIENNA SENIOR LIVING INC","Health Care","Equity","14,165,423.67","0.04","14,165,423.67","704,397.00","20.11","Canada","Toronto Stock Exchange","CAD","1.00","CAD"
"BHC","BAUSCH HEALTH COMPANIES","Health Care","Equity","14,036,180.40","0.04","14,036,180.40","1,772,245.00","7.92","Canada","Toronto Stock Exchange","CAD","1.00","CAD"
"IAU","I GOLD CORP","Materials","Equity","13,997,683.00","0.04","13,997,683.00","5,713,340.00","2.45","Canada","Toronto Stock Exchange","CAD","1.00","CAD"
"HPS.A","HAMMOND POWER SOLUTIONS CLASS A","Industrials","Equity","13,746,601.80","0.04","13,746,601.80","57,206.00","240.30","Canada","Toronto Stock Exchange","CAD","1.00","CAD"
"KMP.UN","KILLAM APARTMENT REIT UNITS CLASS","Real Estate","Equity","13,714,725.82","0.04","13,714,725.82","801,562.00","17.11","Canada","Toronto Stock Exchange","CAD","1.00","CAD"
"TSU","TRISURA GROUP","Financials","Equity","13,522,891.00","0.04","13,522,891.00","312,668.00","43.25","Canada","Toronto Stock Exchange","CAD","1.00","CAD"
"MFI","MAPLE LEAF FOODS","Consumer Staples","Equity","12,835,550.34","0.04","12,835,550.34","491,031.00","26.14","Canada","Toronto Stock Exchange","CAD","1.00","CAD"
"VZLA","VIZSLA SILVER","Materials","Equity","12,805,980.07","0.04","12,805,980.07","2,290,873.00","5.59","Canada","Toronto Stock Exchange","CAD","1.00","CAD"
"KEL","KELT EXPLORATION","Energy","Equity","12,634,673.76","0.04","12,634,673.76","1,129,104.00","11.19","Canada","Toronto Stock Exchange","CAD","1.00","CAD"
"JWEL","JAMIESON WELLNESS","Consumer Staples","Equity","12,549,500.58","0.04","12,549,500.58","276,299.00","45.42","Canada","Toronto Stock Exchange","CAD","1.00","CAD"
"SCR","STRATHCONA RESOURCES LTD","Energy","Equity","12,152,712.74","0.04","12,152,712.74","283,214.00","42.91","Canada","Toronto Stock Exchange","CAD","1.00","CAD"
"RCH","RICHELIEU HARDWARE","Industrials","Equity","12,050,135.10","0.04","12,050,135.10","336,690.00","35.79","Canada","Toronto Stock Exchange","CAD","1.00","CAD"
"LB","LAURENTIAN BANK OF CANADA","Financials","Equity","11,951,661.96","0.04","11,951,661.96","293,797.00","40.68","Canada","Toronto Stock Exchange","CAD","1.00","CAD"
"CCA","COGECO COMMUNICATIONS SUBORDINATE","Communication","Equity","11,612,593.44","0.03","11,612,593.44","199,632.00","58.17","Canada","Toronto Stock Exchange","CAD","1.00","CAD"
"BIR","BIRCHCLIFF ENERGY","Energy","Equity","11,583,368.37","0.03","11,583,368.37","1,841,553.00","6.29","Canada","Toronto Stock Exchange","CAD","1.00","CAD"
"CRR.UN","CROMBIE REAL ESTATE INVESTMENT TRU","Real Estate","Equity","11,505,380.04","0.03","11,505,380.04","741,804.00","15.51","Canada","Toronto Stock Exchange","CAD","1.00","CAD"
"TVK","TERRAVEST INDUSTRIES INC","Energy","Equity","11,499,158.64","0.03","11,499,158.64","99,672.00","115.37","Canada","Toronto Stock Exchange","CAD","1.00","CAD"
"AAV","ADVANTAGE ENERGY","Energy","Equity","11,308,523.52","0.03","11,308,523.52","1,104,348.00","10.24","Canada","Toronto Stock Exchange","CAD","1.00","CAD"
"LSPD","LIGHTSPEED COMMERCE","Information Technology","Equity","11,220,215.40","0.03","11,220,215.40","844,260.00","13.29","Canada","Toronto Stock Exchange","CAD","1.00","CAD"
"LIF","LABRADOR IRON ORE ROYALTY","Materials","Equity","10,929,741.90","0.03","10,929,741.90","422,814.00","25.85","Canada","Toronto Stock Exchange","CAD","1.00","CAD"
"USD","USD CASH","Cash and/or Derivatives","Cash","10,854,770.77","0.03","10,854,770.77","7,760,891.00","139.86","United States","-","CAD","0.71","USD"
"AIF","ALTUS GROUP","Real Estate","Equity","10,764,867.26","0.03","10,764,867.26","239,113.00","45.02","Canada","Toronto Stock Exchange","CAD","1.00","CAD"
"SPB","SUPERIOR PLUS","Utilities","Equity","10,310,495.85","0.03","10,310,495.85","1,438,005.00","7.17","Canada","Toronto Stock Exchange","CAD","1.00","CAD"
"USA","AMERICAS GOLD AND SILVER","Materials","Equity","9,938,138.08","0.03","9,938,138.08","1,401,712.00","7.09","Canada","Toronto Stock Exchange","CAD","1.00","CAD"
"ASM","AVINO SILVER AND GOLD MINES LTD","Materials","Equity","9,277,250.40","0.03","9,277,250.40","1,054,233.00","8.80","Canada","Toronto Stock Exchange","CAD","1.00","CAD"
"AP.UN","ALLIED PROPERTIES REAL ESTATE INVT","Real Estate","Equity","8,630,268.35","0.03","8,630,268.35","1,107,865.00","7.79","Canada","Toronto Stock Exchange","CAD","1.00","CAD"
"CRT.UN","CT REIT UNITS TRUST","Real Estate","Equity","8,414,692.78","0.02","8,414,692.78","500,279.00","16.82","Canada","Toronto Stock Exchange","CAD","1.00","CAD"
"LAC","LITHIUM AMERICAS","Materials","Equity","8,113,527.00","0.02","8,113,527.00","2,003,340.00","4.05","Canada","Toronto Stock Exchange","CAD","1.00","CAD"
"CJT","CARGOJET","Industrials","Equity","7,913,910.88","0.02","7,913,910.88","98,585.00","80.28","Canada","Toronto Stock Exchange","CAD","1.00","CAD"
"MLPFT","CASH COLLATERAL CAD MLPFT","Cash and/or Derivatives","Cash Collateral and Margins","4,632,000.00","0.01","4,632,000.00","4,632,000.00","100.00","Canada","-","CAD","1.00","CAD"
"2299955D","CONSTELLATION SOFTWARE INC","Information Technology","Equity","0.61","0.00","0.61","60,915.00","0.00","Canada","Toronto Stock Exchange","CAD","1.00","CAD"
"PTZ6","S&P/TSE 60 INDEX DEC 26","Cash and/or Derivatives","Futures","0.00","0.00","105,680,000.00","250.00","2,113.60","-","The Montreal Exchange / Bourse De Montreal","CAD","1.00","CAD"
 